[09Feb2026 22:57:37.873] [main/INFO] [cpw.mods.modlauncher.Launcher/MODLAUNCHER]: ModLauncher running: args [--launchTarget, forgeserver, --fml.forgeVersion, 43.4.2, --fml.mcVersion, 1.19.2, --fml.forgeGroup, net.minecraftforge, --fml.mcpVersion, 20220805.130853, nogui]
[09Feb2026 22:57:37.883] [main/INFO] [cpw.mods.modlauncher.Launcher/MODLAUNCHER]: ModLauncher 10.0.8+10.0.8+main.0ef7e830 starting: java version 17.0.17 by Ubuntu; OS Linux arch amd64 version 6.8.0-1030-azure
[09Feb2026 22:57:39.470] [main/INFO] [mixin/]: SpongePowered MIXIN Subsystem Version=0.8.5 Source=union:/workspaces/musical-meme/servidor_minecraft/libraries/org/spongepowered/mixin/0.8.5/mixin-0.8.5.jar%2361!/ Service=ModLauncher Env=SERVER
[09Feb2026 22:57:40.601] [main/WARN] [net.minecraftforge.fml.loading.moddiscovery.ModFileParser/LOADING]: Mod file /workspaces/musical-meme/servidor_minecraft/libraries/net/minecraftforge/fmlcore/1.19.2-43.4.2/fmlcore-1.19.2-43.4.2.jar is missing mods.toml file
[09Feb2026 22:57:40.607] [main/WARN] [net.minecraftforge.fml.loading.moddiscovery.ModFileParser/LOADING]: Mod file /workspaces/musical-meme/servidor_minecraft/libraries/net/minecraftforge/javafmllanguage/1.19.2-43.4.2/javafmllanguage-1.19.2-43.4.2.jar is missing mods.toml file
[09Feb2026 22:57:40.609] [main/WARN] [net.minecraftforge.fml.loading.moddiscovery.ModFileParser/LOADING]: Mod file /workspaces/musical-meme/servidor_minecraft/libraries/net/minecraftforge/lowcodelanguage/1.19.2-43.4.2/lowcodelanguage-1.19.2-43.4.2.jar is missing mods.toml file
[09Feb2026 22:57:40.613] [main/WARN] [net.minecraftforge.fml.loading.moddiscovery.ModFileParser/LOADING]: Mod file /workspaces/musical-meme/servidor_minecraft/libraries/net/minecraftforge/mclanguage/1.19.2-43.4.2/mclanguage-1.19.2-43.4.2.jar is missing mods.toml file
[09Feb2026 22:57:41.136] [main/WARN] [net.minecraftforge.jarjar.selection.JarSelector/]: Attempted to select two dependency jars from JarJar which have the same identification: Mod File:  and Mod File: . Using Mod File: 
[09Feb2026 22:57:41.138] [main/INFO] [net.minecraftforge.fml.loading.moddiscovery.JarInJarDependencyLocator/]: Found 13 dependencies adding them to mods collection
[09Feb2026 22:57:47.724] [main/INFO] [mixin/]: Compatibility level set to JAVA_17
[09Feb2026 22:57:48.224] [main/INFO] [mixin/]: Successfully loaded Mixin Connector [ca.spottedleaf.starlight.mixin.MixinConnector]
[09Feb2026 22:57:48.228] [main/INFO] [mixin/]: Successfully loaded Mixin Connector [de.maxhenkel.tradecycling.MixinConnector]
[09Feb2026 22:57:48.229] [main/INFO] [mixin/]: Successfully loaded Mixin Connector [com.aizistral.nochatreports.MixinConnector]
[09Feb2026 22:57:48.230] [main/INFO] [mixin/]: Successfully loaded Mixin Connector [thelm.jaopca.mixins.JAOPCAMixinConnector]
[09Feb2026 22:57:48.243] [main/INFO] [cpw.mods.modlauncher.LaunchServiceHandler/MODLAUNCHER]: Launching target 'forgeserver' with arguments [nogui]
[09Feb2026 22:57:48.259] [main/WARN] [mixin/]: Reference map 'grapplemod.refmap.json' for grapplemod.mixins.json could not be read. If this is a development environment you can ignore this message
[09Feb2026 22:57:48.467] [main/INFO] [ModernFix/]: Loaded configuration file for ModernFix 5.15.0+mc1.19.2: 83 options available, 1 override(s) found
[09Feb2026 22:57:48.468] [main/WARN] [ModernFix/]: Option 'mixin.bugfix.item_cache_flag' overriden (by mods [canary]) to 'false'
[09Feb2026 22:57:48.468] [main/INFO] [ModernFix/]: Applying Nashorn fix
[09Feb2026 22:57:48.505] [main/INFO] [ModernFix/]: Applied Forge config corruption patch
[09Feb2026 22:57:48.700] [main/INFO] [fpsreducer/]: OptiFine was NOT detected.
[09Feb2026 22:57:48.704] [main/INFO] [fpsreducer/]: OptiFabric was NOT detected.
[09Feb2026 22:57:48.711] [main/WARN] [mixin/]: Reference map 'dummmmmmy-forge-refmap.json' for dummmmmmy.mixins.json could not be read. If this is a development environment you can ignore this message
[09Feb2026 22:57:48.730] [main/INFO] [Embeddium/]: Loaded configuration file for Embeddium: 31 options available, 0 override(s) found
[09Feb2026 22:57:48.879] [main/WARN] [CanaryConfig/]: Option 'mixin.world.block_entity_ticking.world_border' requires 'mixin.util.world_border_listener=true' but found 'false'. Setting 'mixin.world.block_entity_ticking.world_border=false'.
[09Feb2026 22:57:48.880] [main/INFO] [Canary/]: Loaded configuration file for Canary: 124 options available, 0 override(s) found
[09Feb2026 22:57:49.070] [main/WARN] [mixin/]: Error loading class: atomicstryker/multimine/client/MultiMineClient (java.lang.ClassNotFoundException: atomicstryker.multimine.client.MultiMineClient)
[09Feb2026 22:57:49.071] [main/WARN] [mixin/]: @Mixin target atomicstryker.multimine.client.MultiMineClient was not found treechop.forge.compat.mixins.json:MultiMineMixin
[09Feb2026 22:57:49.265] [main/INFO] [net.minecraftforge.coremod.CoreMod.placebo/COREMODLOG]: Patching IForgeItemStack#getEnchantmentLevel
[09Feb2026 22:57:49.346] [main/INFO] [net.minecraftforge.coremod.CoreMod.placebo/COREMODLOG]: Patching IForgeItemStack#getEnchantmentLevel
[09Feb2026 22:57:49.666] [main/WARN] [mixin/]: Error loading class: me/desht/pneumaticcraft/common/util/upgrade/ApplicableUpgradesDB (java.lang.ClassNotFoundException: me.desht.pneumaticcraft.common.util.upgrade.ApplicableUpgradesDB)
[09Feb2026 22:57:49.671] [main/WARN] [mixin/]: @Mixin target me.desht.pneumaticcraft.common.util.upgrade.ApplicableUpgradesDB was not found ad_astra_giselle_addon.mixin.forge.common.json:pneumaticcraft.ApplicableUpgradesDBInject
[09Feb2026 22:57:50.311] [main/WARN] [mixin/]: Error loading class: de/maxhenkel/voicechat/plugins/impl/audiochannel/EntityAudioChannelImpl (java.lang.ClassNotFoundException: de.maxhenkel.voicechat.plugins.impl.audiochannel.EntityAudioChannelImpl)
[09Feb2026 22:57:50.312] [main/WARN] [mixin/]: @Mixin target de.maxhenkel.voicechat.plugins.impl.audiochannel.EntityAudioChannelImpl was not found railways-common.mixins.json:compat.voicechat.EntityAudioChannelImplMixin
[09Feb2026 22:57:50.315] [main/WARN] [mixin/]: Error loading class: de/maxhenkel/voicechat/voice/server/Server (java.lang.ClassNotFoundException: de.maxhenkel.voicechat.voice.server.Server)
[09Feb2026 22:57:50.315] [main/WARN] [mixin/]: @Mixin target de.maxhenkel.voicechat.voice.server.Server was not found railways-common.mixins.json:compat.voicechat.ServerMixin
[09Feb2026 22:57:50.319] [main/WARN] [mixin/]: Error loading class: de/maxhenkel/voicechat/voice/server/ServerWorldUtils (java.lang.ClassNotFoundException: de.maxhenkel.voicechat.voice.server.ServerWorldUtils)
[09Feb2026 22:57:50.320] [main/WARN] [mixin/]: @Mixin target de.maxhenkel.voicechat.voice.server.ServerWorldUtils was not found railways-common.mixins.json:compat.voicechat.ServerWorldUtilsMixin
[09Feb2026 22:57:51.716] [main/INFO] [MixinExtras|Service/]: Initializing MixinExtras via com.llamalad7.mixinextras.service.MixinExtrasServiceImpl(version=0.3.2).
[09Feb2026 22:57:52.222] [main/INFO] [mixin/]: Mixing server.MixinDedicatedServer from nochatreports.mixins.json into net.minecraft.server.dedicated.DedicatedServer
[09Feb2026 22:57:52.542] [main/WARN] [mixin/]: Static binding violation: PRIVATE @Overwrite method m_216202_ in modernfix-forge.mixins.json:perf.tag_id_caching.TagOrElementLocationMixin cannot reduce visibiliy of PUBLIC target method, visibility will be upgraded.
[09Feb2026 22:57:52.706] [main/WARN] [net.minecraft.SystemReport/]: Failed retrieving info for group hardware
java.lang.NoClassDefFoundError: com/sun/jna/Platform
	at oshi.SystemInfo.<clinit>(SystemInfo.java:62) ~[oshi-core-5.8.5.jar%2367!/:5.8.5]
	at net.minecraft.SystemReport.m_143564_(SystemReport.java:52) ~[server-1.19.2-20220805.130853-srg.jar%23309!/:?]
	at net.minecraft.SystemReport.m_143516_(SystemReport.java:82) ~[server-1.19.2-20220805.130853-srg.jar%23309!/:?]
	at net.minecraft.SystemReport.<init>(SystemReport.java:52) ~[server-1.19.2-20220805.130853-srg.jar%23309!/:?]
	at net.minecraft.CrashReport.<init>(CrashReport.java:31) ~[server-1.19.2-20220805.130853-srg.jar%23309!/:?]
	at net.minecraft.CrashReport.m_127529_(CrashReport.java:216) ~[server-1.19.2-20220805.130853-srg.jar%23309!/:?]
	at net.minecraft.server.Main.main(Main.java:105) ~[server-1.19.2-20220805.130853-srg.jar%23309!/:?]
	at jdk.internal.reflect.NativeMethodAccessorImpl.invoke0(Native Method) ~[?:?]
	at jdk.internal.reflect.NativeMethodAccessorImpl.invoke(NativeMethodAccessorImpl.java:77) ~[?:?]
	at jdk.internal.reflect.DelegatingMethodAccessorImpl.invoke(DelegatingMethodAccessorImpl.java:43) ~[?:?]
	at java.lang.reflect.Method.invoke(Method.java:569) ~[?:?]
	at net.minecraftforge.fml.loading.targets.CommonServerLaunchHandler.lambda$launchService$0(CommonServerLaunchHandler.java:29) ~[fmlloader-1.19.2-43.4.2.jar%2365!/:?]
	at cpw.mods.modlauncher.LaunchServiceHandlerDecorator.launch(LaunchServiceHandlerDecorator.java:30) [modlauncher-10.0.8.jar%2352!/:?]
	at cpw.mods.modlauncher.LaunchServiceHandler.launch(LaunchServiceHandler.java:53) [modlauncher-10.0.8.jar%2352!/:?]
	at cpw.mods.modlauncher.LaunchServiceHandler.launch(LaunchServiceHandler.java:71) [modlauncher-10.0.8.jar%2352!/:?]
	at cpw.mods.modlauncher.Launcher.run(Launcher.java:106) [modlauncher-10.0.8.jar%2352!/:?]
	at cpw.mods.modlauncher.Launcher.main(Launcher.java:77) [modlauncher-10.0.8.jar%2352!/:?]
	at cpw.mods.modlauncher.BootstrapLaunchConsumer.accept(BootstrapLaunchConsumer.java:26) [modlauncher-10.0.8.jar%2352!/:?]
	at cpw.mods.modlauncher.BootstrapLaunchConsumer.accept(BootstrapLaunchConsumer.java:23) [modlauncher-10.0.8.jar%2352!/:?]
	at cpw.mods.bootstraplauncher.BootstrapLauncher.main(BootstrapLauncher.java:141) [bootstraplauncher-1.1.2.jar:?]
Caused by: java.lang.ClassNotFoundException: com.sun.jna.Platform
	at jdk.internal.loader.BuiltinClassLoader.loadClass(BuiltinClassLoader.java:641) ~[?:?]
	at java.lang.ClassLoader.loadClass(ClassLoader.java:525) ~[?:?]
	at cpw.mods.cl.ModuleClassLoader.loadClass(ModuleClassLoader.java:137) ~[securejarhandler-2.1.4.jar:?]
	at java.lang.ClassLoader.loadClass(ClassLoader.java:525) ~[?:?]
	... 20 more
[09Feb2026 22:57:52.896] [main/INFO] [net.minecraft.server.Bootstrap/]: ModernFix reached bootstrap stage (18.51 s after launch)
[09Feb2026 22:57:53.123] [main/WARN] [mixin/]: @Final field delegatesByName:Ljava/util/Map; in modernfix-forge.mixins.json:perf.forge_registry_alloc.ForgeRegistryMixin should be final
[09Feb2026 22:57:53.126] [main/WARN] [mixin/]: @Final field delegatesByValue:Ljava/util/Map; in modernfix-forge.mixins.json:perf.forge_registry_alloc.ForgeRegistryMixin should be final
[09Feb2026 22:57:53.334] [main/INFO] [net.minecraftforge.coremod.CoreMod.placebo/COREMODLOG]: Patching IForgeItemStack#getEnchantmentLevel
[09Feb2026 22:57:53.338] [main/INFO] [net.minecraftforge.coremod.CoreMod.placebo/COREMODLOG]: Patching IForgeItemStack#getEnchantmentLevel
[09Feb2026 22:57:53.587] [main/INFO] [ModernFix/]: Injecting BlockStateBase cache population hook into getNeighborPathNodeType from com.abdelaziz.canary.mixin.ai.pathing.BlockStateBaseMixin
[09Feb2026 22:57:53.587] [main/INFO] [ModernFix/]: Injecting BlockStateBase cache population hook into getPathNodeType from com.abdelaziz.canary.mixin.ai.pathing.BlockStateBaseMixin
[09Feb2026 22:57:53.588] [main/INFO] [ModernFix/]: Injecting BlockStateBase cache population hook into m_60823_ from com.abdelaziz.canary.mixin.block.flatten_states.BlockStateBaseMixin
[09Feb2026 22:57:53.590] [main/INFO] [ModernFix/]: Injecting BlockStateBase cache population hook into getOpacityIfCached from ca.spottedleaf.starlight.mixin.common.blockstate.BlockStateBaseMixin
[09Feb2026 22:57:53.590] [main/INFO] [ModernFix/]: Injecting BlockStateBase cache population hook into isConditionallyFullOpaque from ca.spottedleaf.starlight.mixin.common.blockstate.BlockStateBaseMixin
[09Feb2026 22:57:53.590] [main/INFO] [ModernFix/]: Injecting BlockStateBase cache population hook into getAllFlags from com.abdelaziz.canary.mixin.util.block_tracking.BlockStateBaseMixin
[09Feb2026 22:57:54.860] [main/INFO] [mixin/]: Mixing server.MixinPlayer from nochatreports.mixins.json into net.minecraft.world.entity.player.Player
[09Feb2026 22:57:56.517] [main/INFO] [net.minecraft.server.Bootstrap/]: Vanilla bootstrap took 3614 milliseconds
[09Feb2026 22:57:57.175] [main/INFO] [net.minecraftforge.coremod.CoreMod.placebo/COREMODLOG]: Patching IForgeItemStack#getEnchantmentLevel
[09Feb2026 22:57:57.182] [main/INFO] [net.minecraftforge.coremod.CoreMod.placebo/COREMODLOG]: Patching IForgeItemStack#getEnchantmentLevel
[09Feb2026 22:57:59.197] [main/WARN] [mixin/]: Static binding violation: PRIVATE @Overwrite method m_47505_ in modernfix-common.mixins.json:perf.remove_biome_temperature_cache.BiomeMixin cannot reduce visibiliy of PUBLIC target method, visibility will be upgraded.
[09Feb2026 22:57:59.500] [main/INFO] [quark/]: TerraBlender not found, using injection method
[09Feb2026 22:58:00.988] [modloading-worker-0/INFO] [dynamiclights/]: [Dynamic Lights] Registering server started event...
[09Feb2026 22:58:01.053] [modloading-worker-0/INFO] [mixin/]: Mixing server.MixinPlayerList from nochatreports.mixins.json into net.minecraft.server.players.PlayerList
[09Feb2026 22:58:01.608] [modloading-worker-0/WARN] [mixin/]: @Redirect conflict. Skipping modernfix-forge.mixins.json:perf.datapack_reload_exceptions.LootTableManagerMixin->@Redirect::logWithoutStacktrace(Lorg/slf4j/Logger;Ljava/lang/String;Ljava/lang/Object;Ljava/lang/Object;)V with priority 2000, already redirected by railways-common.mixins.json:MixinLootTables->@Redirect::snr$error2(Lorg/slf4j/Logger;Ljava/lang/String;Ljava/lang/Object;Ljava/lang/Object;)V with priority 10000
[09Feb2026 22:58:02.342] [modloading-worker-0/INFO] [de.keksuccino.konkrete.Konkrete/]: [KONKRETE] Successfully initialized!
[09Feb2026 22:58:02.343] [modloading-worker-0/INFO] [de.keksuccino.konkrete.Konkrete/]: [KONKRETE] Server-side libs ready to use!
[09Feb2026 22:58:03.308] [modloading-worker-0/INFO] [Chunk Pregenerator/]: Loading Plugin: [name=JourneyMap]
[09Feb2026 22:58:03.311] [modloading-worker-0/INFO] [Chunk Pregenerator/]: Loading Plugin: [name=Configured]
[09Feb2026 22:58:03.523] [modloading-worker-0/INFO] [dev.architectury.networking.forge.NetworkManagerImpl/]: Registering C2S receiver with id architectury:sync_ids
[09Feb2026 22:58:03.651] [modloading-worker-0/INFO] [railways/]: Registered bogey styles from railways
[09Feb2026 22:58:03.778] [modloading-worker-0/INFO] [Puzzles Lib/]: Constructing common components for mod enchantinginfuser
[09Feb2026 22:58:03.812] [modloading-worker-0/INFO] [railways/]: Registering data fixers
[09Feb2026 22:58:03.926] [modloading-worker-0/INFO] [dev.architectury.networking.forge.NetworkManagerImpl/]: Registering C2S receiver with id ftblibrary:edit_nbt_response
[09Feb2026 22:58:03.939] [modloading-worker-0/INFO] [ModernFix/]: Bypassed Mojang DFU
[09Feb2026 22:58:03.939] [modloading-worker-0/INFO] [ModernFix/]: Instantiating Mojang DFU
[09Feb2026 22:58:03.959] [modloading-worker-0/INFO] [dev.architectury.networking.forge.NetworkManagerImpl/]: Registering C2S receiver with id ftbteams:open_gui
[09Feb2026 22:58:03.962] [modloading-worker-0/INFO] [dev.architectury.networking.forge.NetworkManagerImpl/]: Registering C2S receiver with id ftbteams:update_settings
[09Feb2026 22:58:03.964] [modloading-worker-0/INFO] [dev.architectury.networking.forge.NetworkManagerImpl/]: Registering C2S receiver with id ftbteams:send_message
[09Feb2026 22:58:03.968] [modloading-worker-0/INFO] [dev.architectury.networking.forge.NetworkManagerImpl/]: Registering C2S receiver with id ftbteams:create_party
[09Feb2026 22:58:03.970] [modloading-worker-0/INFO] [dev.architectury.networking.forge.NetworkManagerImpl/]: Registering C2S receiver with id ftbteams:player_gui_operation
[09Feb2026 22:58:04.031] [modloading-worker-0/INFO] [dev.architectury.networking.forge.NetworkManagerImpl/]: Registering C2S receiver with id itemfilters:main/14e7fa1454283aec8ae811ef844ada28
[09Feb2026 22:58:04.037] [modloading-worker-0/INFO] [dev.architectury.networking.forge.NetworkManagerImpl/]: Registering C2S receiver with id itemfilters:main/8f6a899247753217b9d86ab427a2b279
[09Feb2026 22:58:04.072] [modloading-worker-0/INFO] [KubeJS/]: Looking for KubeJS plugins...
[09Feb2026 22:58:04.086] [modloading-worker-0/INFO] [KubeJS/]: Found plugin source kubejs
[09Feb2026 22:58:04.110] [modloading-worker-0/INFO] [KubeJS/]: Loaded common.properties
[09Feb2026 22:58:04.111] [modloading-worker-0/INFO] [KubeJS/]: Loaded dev.properties
[09Feb2026 22:58:04.112] [modloading-worker-0/WARN] [KubeJS/]: Plugin dev.latvian.mods.kubejs.integration.forge.gamestages.GameStagesIntegration does not have required mod gamestages loaded, skipping
[09Feb2026 22:58:04.113] [modloading-worker-0/INFO] [KubeJS/]: Found plugin source kubejs_mekanism
[09Feb2026 22:58:04.145] [modloading-worker-0/INFO] [KubeJS/]: Found plugin source custommachinery
[09Feb2026 22:58:04.195] [modloading-worker-0/INFO] [KubeJS/]: Found plugin source kubejs_thermal
[09Feb2026 22:58:04.197] [modloading-worker-0/INFO] [KubeJS/]: Found plugin source ftbchunks
[09Feb2026 22:58:04.199] [modloading-worker-0/ERROR] [KubeJS/]: Failed to load plugin dev.ftb.mods.ftbchunks.integration.kubejs.FTBChunksKubeJSPlugin from source ftbchunks: java.lang.ClassNotFoundException: dev.ftb.mods.ftbchunks.integration.kubejs.FTBChunksKubeJSPlugin
[09Feb2026 22:58:04.200] [modloading-worker-0/INFO] [KubeJS/]: Found plugin source ftbquests
[09Feb2026 22:58:04.204] [modloading-worker-0/INFO] [KubeJS/]: Found plugin source jaopca
[09Feb2026 22:58:04.208] [modloading-worker-0/INFO] [KubeJS/]: Found plugin source kubejs_create
[09Feb2026 22:58:04.304] [modloading-worker-0/INFO] [KubeJS/]: Done in 231.4 ms
[09Feb2026 22:58:04.538] [modloading-worker-0/INFO] [Rhino Script Remapper/]: Loading Rhino Minecraft remapper...
[09Feb2026 22:58:04.542] [modloading-worker-0/INFO] [dev.latvian.mods.rhino.mod.util.RhinoProperties/]: Rhino properties loaded.
[09Feb2026 22:58:04.548] [modloading-worker-0/INFO] [Rhino Script Remapper/]: Loading mappings for 1.19.2
[09Feb2026 22:58:04.739] [modloading-worker-0/INFO] [Rhino Script Remapper/]: Done in 0.198 s
[09Feb2026 22:58:04.826] [modloading-worker-0/INFO] [net.minecraft.util.datafix.DataFixers/]: Building unoptimized datafixer
[09Feb2026 22:58:04.862] [Worker-Bootstrap-1/INFO] [com.mojang.datafixers.DataFixerBuilder/]: 27 Datafixer optimizations took 23 milliseconds
[09Feb2026 22:58:05.284] [modloading-worker-0/INFO] [KubeJS Startup/]: startup_scripts:script.js:3: Just think of Monika from now on. Just Monika. Just Monika. Just Monika.
[09Feb2026 22:58:05.303] [modloading-worker-0/INFO] [KubeJS Startup/]: startup_scripts:script.js:94: Loaded Java class 'dev.architectury.platform.forge.EventBuses'
[09Feb2026 22:58:05.312] [modloading-worker-0/INFO] [KubeJS Startup/]: startup_scripts:script.js:95: Loaded Java class 'mekanism.common.registration.impl.GasDeferredRegister'
[09Feb2026 22:58:05.319] [modloading-worker-0/INFO] [KubeJS Startup/]: startup_scripts:script.js:96: Loaded Java class 'mekanism.common.registration.impl.SlurryDeferredRegister'
[09Feb2026 22:58:05.319] [modloading-worker-0/INFO] [railways/]: Registering tracks for Hex Casting
[09Feb2026 22:58:05.321] [modloading-worker-0/INFO] [railways/]: Registering tracks for Oh The Biomes You'll Go
[09Feb2026 22:58:05.325] [modloading-worker-0/INFO] [railways/]: Registering tracks for Blue Skies
[09Feb2026 22:58:05.326] [modloading-worker-0/INFO] [railways/]: Registering tracks for Twilight Forest
[09Feb2026 22:58:05.329] [modloading-worker-0/INFO] [railways/]: Registering tracks for Biomes O' Plenty
[09Feb2026 22:58:05.334] [modloading-worker-0/INFO] [KubeJS Startup/]: Loaded script startup_scripts:script.js in 0.155 s
[09Feb2026 22:58:05.341] [modloading-worker-0/INFO] [KubeJS Startup/]: Loaded 1/1 KubeJS startup scripts in 0.594 s
[09Feb2026 22:58:05.448] [modloading-worker-0/INFO] [dev.architectury.networking.forge.NetworkManagerImpl/]: Registering C2S receiver with id kubejs:send_data_from_client
[09Feb2026 22:58:05.455] [modloading-worker-0/INFO] [dev.architectury.networking.forge.NetworkManagerImpl/]: Registering C2S receiver with id kubejs:first_click
[09Feb2026 22:58:06.181] [modloading-worker-0/INFO] [dev.architectury.networking.forge.NetworkManagerImpl/]: Registering C2S receiver with id ftbchunks:request_map_data
[09Feb2026 22:58:06.185] [modloading-worker-0/INFO] [dev.architectury.networking.forge.NetworkManagerImpl/]: Registering C2S receiver with id ftbchunks:request_chunk_change
[09Feb2026 22:58:06.196] [modloading-worker-0/INFO] [dev.architectury.networking.forge.NetworkManagerImpl/]: Registering C2S receiver with id ftbchunks:teleport_from_map
[09Feb2026 22:58:06.200] [modloading-worker-0/INFO] [dev.architectury.networking.forge.NetworkManagerImpl/]: Registering C2S receiver with id ftbchunks:sync_tx
[09Feb2026 22:58:06.207] [modloading-worker-0/INFO] [dev.architectury.networking.forge.NetworkManagerImpl/]: Registering C2S receiver with id ftbchunks:update_force_load_expiry
[09Feb2026 22:58:06.210] [modloading-worker-0/INFO] [dev.architectury.networking.forge.NetworkManagerImpl/]: Registering C2S receiver with id ftbchunks:server_config_request
[09Feb2026 22:58:06.249] [modloading-worker-0/INFO] [net.minecraftforge.common.ForgeMod/FORGEMOD]: Forge mod loading, version 43.4.2, for MC 1.19.2 with MCP 20220805.130853
[09Feb2026 22:58:06.251] [modloading-worker-0/INFO] [net.minecraftforge.common.MinecraftForge/FORGE]: MinecraftForge v43.4.2 Initialized
[09Feb2026 22:58:06.636] [modloading-worker-0/INFO] [mixin/]: Mixing server.MixinServerGamePacketListenerImpl from nochatreports.mixins.json into net.minecraft.server.network.ServerGamePacketListenerImpl
[09Feb2026 22:58:07.409] [modloading-worker-0/INFO] [dev.architectury.networking.forge.NetworkManagerImpl/]: Registering C2S receiver with id ftbquests:submit_task
[09Feb2026 22:58:07.411] [modloading-worker-0/INFO] [dev.architectury.networking.forge.NetworkManagerImpl/]: Registering C2S receiver with id ftbquests:claim_reward
[09Feb2026 22:58:07.414] [modloading-worker-0/INFO] [dev.architectury.networking.forge.NetworkManagerImpl/]: Registering C2S receiver with id ftbquests:get_emergency_items
[09Feb2026 22:58:07.417] [modloading-worker-0/INFO] [dev.architectury.networking.forge.NetworkManagerImpl/]: Registering C2S receiver with id ftbquests:claim_all_rewards
[09Feb2026 22:58:07.418] [modloading-worker-0/INFO] [dev.architectury.networking.forge.NetworkManagerImpl/]: Registering C2S receiver with id ftbquests:claim_choice_reward
[09Feb2026 22:58:07.422] [modloading-worker-0/INFO] [dev.architectury.networking.forge.NetworkManagerImpl/]: Registering C2S receiver with id ftbquests:toggle_pinned
[09Feb2026 22:58:07.425] [modloading-worker-0/INFO] [dev.architectury.networking.forge.NetworkManagerImpl/]: Registering C2S receiver with id ftbquests:toggle_chapter_pinned
[09Feb2026 22:58:07.426] [modloading-worker-0/INFO] [dev.architectury.networking.forge.NetworkManagerImpl/]: Registering C2S receiver with id ftbquests:toggle_editing_mode
[09Feb2026 22:58:07.441] [modloading-worker-0/INFO] [dev.architectury.networking.forge.NetworkManagerImpl/]: Registering C2S receiver with id ftbquests:force_save
[09Feb2026 22:58:07.443] [modloading-worker-0/INFO] [dev.architectury.networking.forge.NetworkManagerImpl/]: Registering C2S receiver with id ftbquests:set_custom_image
[09Feb2026 22:58:07.455] [modloading-worker-0/INFO] [dev.architectury.networking.forge.NetworkManagerImpl/]: Registering C2S receiver with id ftbquests:task_screen_config_resp
[09Feb2026 22:58:07.458] [modloading-worker-0/INFO] [dev.architectury.networking.forge.NetworkManagerImpl/]: Registering C2S receiver with id ftbquests:change_progress
[09Feb2026 22:58:07.463] [modloading-worker-0/INFO] [dev.architectury.networking.forge.NetworkManagerImpl/]: Registering C2S receiver with id ftbquests:create_object
[09Feb2026 22:58:07.466] [modloading-worker-0/INFO] [dev.architectury.networking.forge.NetworkManagerImpl/]: Registering C2S receiver with id ftbquests:create_task_at
[09Feb2026 22:58:07.469] [modloading-worker-0/INFO] [dev.architectury.networking.forge.NetworkManagerImpl/]: Registering C2S receiver with id ftbquests:delete_object
[09Feb2026 22:58:07.472] [modloading-worker-0/INFO] [dev.architectury.networking.forge.NetworkManagerImpl/]: Registering C2S receiver with id ftbquests:edit_object
[09Feb2026 22:58:07.479] [modloading-worker-0/INFO] [dev.architectury.networking.forge.NetworkManagerImpl/]: Registering C2S receiver with id ftbquests:move_chapter
[09Feb2026 22:58:07.483] [modloading-worker-0/INFO] [dev.architectury.networking.forge.NetworkManagerImpl/]: Registering C2S receiver with id ftbquests:move_quest
[09Feb2026 22:58:07.486] [modloading-worker-0/INFO] [dev.architectury.networking.forge.NetworkManagerImpl/]: Registering C2S receiver with id ftbquests:change_chapter_group
[09Feb2026 22:58:07.490] [modloading-worker-0/INFO] [dev.architectury.networking.forge.NetworkManagerImpl/]: Registering C2S receiver with id ftbquests:move_chapter_group
[09Feb2026 22:58:07.494] [modloading-worker-0/INFO] [dev.architectury.networking.forge.NetworkManagerImpl/]: Registering C2S receiver with id ftbquests:copy_quest
[09Feb2026 22:58:07.498] [modloading-worker-0/INFO] [dev.architectury.networking.forge.NetworkManagerImpl/]: Registering C2S receiver with id ftbquests:copy_chapter_image
[09Feb2026 22:58:07.500] [modloading-worker-0/INFO] [dev.architectury.networking.forge.NetworkManagerImpl/]: Registering C2S receiver with id ftbquests:sync_structures_request
[09Feb2026 22:58:07.582] [modloading-worker-0/INFO] [com.aizistral.nochatreports.NoChatReports/]: KONNICHIWA ZA WARUDO!
[09Feb2026 22:58:07.583] [modloading-worker-0/INFO] [com.aizistral.nochatreports.NoChatReports/]: Default JVM text encoding is: UTF-8
[09Feb2026 22:58:07.594] [modloading-worker-0/INFO] [com.aizistral.nochatreports.NoChatReports/]: Reading config file NoChatReports/NCR-Common.json...
[09Feb2026 22:58:07.598] [modloading-worker-0/INFO] [com.aizistral.nochatreports.NoChatReports/]: Writing config file NoChatReports/NCR-Common.json...
[09Feb2026 22:58:07.631] [modloading-worker-0/INFO] [dev.architectury.networking.forge.NetworkManagerImpl/]: Registering C2S receiver with id wands:key_packet
[09Feb2026 22:58:07.633] [modloading-worker-0/INFO] [dev.architectury.networking.forge.NetworkManagerImpl/]: Registering C2S receiver with id wands:palette_packet
[09Feb2026 22:58:07.634] [modloading-worker-0/INFO] [dev.architectury.networking.forge.NetworkManagerImpl/]: Registering C2S receiver with id wands:wand_packet
[09Feb2026 22:58:07.634] [modloading-worker-0/INFO] [dev.architectury.networking.forge.NetworkManagerImpl/]: Registering C2S receiver with id wands:pos_packet
[09Feb2026 22:58:07.634] [modloading-worker-0/INFO] [dev.architectury.networking.forge.NetworkManagerImpl/]: Registering C2S receiver with id wands:global_settings_packet
[09Feb2026 22:58:08.346] [modloading-worker-0/INFO] [thedarkcolour.kotlinforforge.test.KotlinForForge/]: Kotlin For Forge Enabled!
[09Feb2026 22:58:08.401] [modloading-worker-0/INFO] [mixin/]: Mixing common.MixinServerStatus from nochatreports.mixins.json into net.minecraft.network.protocol.status.ServerStatus
[09Feb2026 22:58:08.526] [modloading-worker-0/WARN] [net.minecraft.server.packs.VanillaPackResources/]: Assets URL 'union:/workspaces/musical-meme/servidor_minecraft/libraries/net/minecraft/server/1.19.2-20220805.130853/server-1.19.2-20220805.130853-srg.jar%23309!/assets/.mcassetsroot' uses unexpected schema
[09Feb2026 22:58:08.528] [modloading-worker-0/WARN] [net.minecraft.server.packs.VanillaPackResources/]: Assets URL 'union:/workspaces/musical-meme/servidor_minecraft/libraries/net/minecraft/server/1.19.2-20220805.130853/server-1.19.2-20220805.130853-srg.jar%23309!/data/.mcassetsroot' uses unexpected schema
[09Feb2026 22:58:08.881] [modloading-worker-0/INFO] [thelm.jaopca.data.DataCollector/]: Pack supplier thelm.jaopca.compat.openloader.OpenLoaderPackSupplier has missing mod dependencies, skipping
[09Feb2026 22:58:08.944] [modloading-worker-0/ERROR] [net.minecraft.server.packs.resources.MultiPackResourceManager/]: Failed to get filter section from pack server-1.19.2-20220805.130853-srg.jar
[09Feb2026 22:58:08.953] [modloading-worker-0/ERROR] [net.minecraft.server.packs.resources.MultiPackResourceManager/]: Failed to get filter section from pack kubejs
[09Feb2026 22:58:08.963] [modloading-worker-0/INFO] [quark/]: Found Quark module class vazkii.quark.content.world.module.SpiralSpiresModule
[09Feb2026 22:58:08.981] [modloading-worker-0/INFO] [quark/]: Found Quark module class vazkii.quark.content.world.module.PermafrostModule
[09Feb2026 22:58:08.985] [modloading-worker-0/INFO] [quark/]: Found Quark module class vazkii.quark.content.world.module.NoMoreLavaPocketsModule
[09Feb2026 22:58:08.992] [modloading-worker-0/INFO] [quark/]: Found Quark module class vazkii.quark.content.world.module.NewStoneTypesModule
[09Feb2026 22:58:09.131] [modloading-worker-0/INFO] [quark/]: Found Quark module class vazkii.quark.content.world.module.NetherObsidianSpikesModule
[09Feb2026 22:58:09.132] [modloading-worker-0/INFO] [quark/]: Found Quark module class vazkii.quark.content.world.module.MonsterBoxModule
[09Feb2026 22:58:09.134] [modloading-worker-0/INFO] [quark/]: Found Quark module class vazkii.quark.content.world.module.GlimmeringWealdModule
[09Feb2026 22:58:09.141] [modloading-worker-0/INFO] [quark/]: Found Quark module class vazkii.quark.content.world.module.FairyRingsModule
[09Feb2026 22:58:09.142] [modloading-worker-0/INFO] [quark/]: Found Quark module class vazkii.quark.content.world.module.CorundumModule
[09Feb2026 22:58:09.144] [modloading-worker-0/INFO] [quark/]: Found Quark module class vazkii.quark.content.world.module.ChorusVegetationModule
[09Feb2026 22:58:09.146] [modloading-worker-0/INFO] [quark/]: Found Quark module class vazkii.quark.content.world.module.BlossomTreesModule
[09Feb2026 22:58:09.150] [modloading-worker-0/INFO] [quark/]: Found Quark module class vazkii.quark.content.world.module.BigStoneClustersModule
[09Feb2026 22:58:09.152] [modloading-worker-0/INFO] [quark/]: Found Quark module class vazkii.quark.content.world.module.AzaleaWoodModule
[09Feb2026 22:58:09.153] [modloading-worker-0/INFO] [quark/]: Found Quark module class vazkii.quark.content.world.module.AncientWoodModule
[09Feb2026 22:58:09.158] [modloading-worker-0/INFO] [quark/]: Found Quark module class vazkii.quark.content.tweaks.module.ZombieVillagersOnNormalModule
[09Feb2026 22:58:09.159] [modloading-worker-0/INFO] [quark/]: Found Quark module class vazkii.quark.content.tweaks.module.VillagersFollowEmeraldsModule
[09Feb2026 22:58:09.159] [modloading-worker-0/INFO] [quark/]: Found Quark module class vazkii.quark.content.tweaks.module.VexesDieWithTheirMastersModule
[09Feb2026 22:58:09.160] [modloading-worker-0/INFO] [quark/]: Found Quark module class vazkii.quark.content.tweaks.module.UtilityRecipesModule
[09Feb2026 22:58:09.161] [modloading-worker-0/INFO] [quark/]: Found Quark module class vazkii.quark.content.tweaks.module.SpongeOnWaterPlacementModule
[09Feb2026 22:58:09.162] [modloading-worker-0/INFO] [quark/]: Found Quark module class vazkii.quark.content.tweaks.module.SnowGolemPlayerHeadsModule
[09Feb2026 22:58:09.162] [modloading-worker-0/INFO] [quark/]: Found Quark module class vazkii.quark.content.tweaks.module.SlimesToMagmaCubesModule
[09Feb2026 22:58:09.163] [modloading-worker-0/INFO] [quark/]: Found Quark module class vazkii.quark.content.tweaks.module.SlabsToBlocksModule
[09Feb2026 22:58:09.167] [modloading-worker-0/INFO] [quark/]: Found Quark module class vazkii.quark.content.tweaks.module.SimpleHarvestModule
[09Feb2026 22:58:09.168] [modloading-worker-0/INFO] [quark/]: Found Quark module class vazkii.quark.content.tweaks.module.SignEditingModule
[09Feb2026 22:58:09.169] [modloading-worker-0/INFO] [quark/]: Found Quark module class vazkii.quark.content.tweaks.module.ShulkerPackingModule
[09Feb2026 22:58:09.170] [modloading-worker-0/INFO] [quark/]: Found Quark module class vazkii.quark.content.tweaks.module.SaferCreaturesModule
[09Feb2026 22:58:09.171] [modloading-worker-0/INFO] [quark/]: Found Quark module class vazkii.quark.content.tweaks.module.ReplaceScaffoldingModule
[09Feb2026 22:58:09.171] [modloading-worker-0/INFO] [quark/]: Found Quark module class vazkii.quark.content.tweaks.module.RenewableSporeBlossomsModule
[09Feb2026 22:58:09.174] [modloading-worker-0/INFO] [quark/]: Found Quark module class vazkii.quark.content.tweaks.module.ReacharoundPlacingModule
[09Feb2026 22:58:09.185] [modloading-worker-0/INFO] [quark/]: Found Quark module class vazkii.quark.content.tweaks.module.PoisonPotatoUsageModule
[09Feb2026 22:58:09.186] [modloading-worker-0/INFO] [quark/]: Found Quark module class vazkii.quark.content.tweaks.module.PigLittersModule
[09Feb2026 22:58:09.187] [modloading-worker-0/INFO] [quark/]: Found Quark module class vazkii.quark.content.tweaks.module.PatTheDogsModule
[09Feb2026 22:58:09.194] [modloading-worker-0/INFO] [quark/]: Found Quark module class vazkii.quark.content.tweaks.module.NoDurabilityOnCosmeticsModule
[09Feb2026 22:58:09.197] [modloading-worker-0/INFO] [quark/]: Found Quark module class vazkii.quark.content.tweaks.module.MoreNoteBlockSoundsModule
[09Feb2026 22:58:09.200] [modloading-worker-0/INFO] [quark/]: Found Quark module class vazkii.quark.content.tweaks.module.MoreBannerLayersModule
[09Feb2026 22:58:09.201] [modloading-worker-0/INFO] [quark/]: Found Quark module class vazkii.quark.content.tweaks.module.LockRotationModule
[09Feb2026 22:58:09.204] [modloading-worker-0/INFO] [quark/]: Found Quark module class vazkii.quark.content.tweaks.module.HorsesSwimModule
[09Feb2026 22:58:09.207] [modloading-worker-0/INFO] [quark/]: Found Quark module class vazkii.quark.content.tweaks.module.HoeHarvestingModule
[09Feb2026 22:58:09.210] [modloading-worker-0/INFO] [quark/]: Found Quark module class vazkii.quark.content.tweaks.module.GrabChickensModule
[09Feb2026 22:58:09.215] [modloading-worker-0/INFO] [quark/]: Found Quark module class vazkii.quark.content.tweaks.module.GoldToolsHaveFortuneModule
[09Feb2026 22:58:09.215] [modloading-worker-0/INFO] [quark/]: Found Quark module class vazkii.quark.content.tweaks.module.GlassShardModule
[09Feb2026 22:58:09.222] [modloading-worker-0/INFO] [quark/]: Found Quark module class vazkii.quark.content.tweaks.module.EnhancedLaddersModule
[09Feb2026 22:58:09.223] [modloading-worker-0/INFO] [quark/]: Found Quark module class vazkii.quark.content.tweaks.module.EmotesModule
[09Feb2026 22:58:09.229] [modloading-worker-0/INFO] [quark/]: Found Quark module class vazkii.quark.content.tweaks.module.DyeableItemFramesModule
[09Feb2026 22:58:09.236] [modloading-worker-0/INFO] [quark/]: Found Quark module class vazkii.quark.content.tweaks.module.DragonScalesModule
[09Feb2026 22:58:09.239] [modloading-worker-0/INFO] [quark/]: Found Quark module class vazkii.quark.content.tweaks.module.DoubleDoorOpeningModule
[09Feb2026 22:58:09.240] [modloading-worker-0/INFO] [quark/]: Found Quark module class vazkii.quark.content.tweaks.module.CoralOnCactusModule
[09Feb2026 22:58:09.246] [modloading-worker-0/INFO] [quark/]: Found Quark module class vazkii.quark.content.tweaks.module.CompassesWorkEverywhereModule
[09Feb2026 22:58:09.246] [modloading-worker-0/INFO] [quark/]: Found Quark module class vazkii.quark.content.tweaks.module.CampfiresBoostElytraModule
[09Feb2026 22:58:09.247] [modloading-worker-0/INFO] [quark/]: Found Quark module class vazkii.quark.content.tweaks.module.BetterElytraRocketModule
[09Feb2026 22:58:09.252] [modloading-worker-0/INFO] [quark/]: Found Quark module class vazkii.quark.content.tweaks.module.AutomaticRecipeUnlockModule
[09Feb2026 22:58:09.253] [modloading-worker-0/INFO] [quark/]: Found Quark module class vazkii.quark.content.tweaks.module.ArmedArmorStandsModule
[09Feb2026 22:58:09.257] [modloading-worker-0/INFO] [quark/]: Found Quark module class vazkii.quark.content.tools.module.TrowelModule
[09Feb2026 22:58:09.258] [modloading-worker-0/INFO] [quark/]: Found Quark module class vazkii.quark.content.tools.module.TorchArrowModule
[09Feb2026 22:58:09.263] [modloading-worker-0/INFO] [quark/]: Found Quark module class vazkii.quark.content.tools.module.SlimeInABucketModule
[09Feb2026 22:58:09.268] [modloading-worker-0/INFO] [quark/]: Found Quark module class vazkii.quark.content.tools.module.SkullPikesModule
[09Feb2026 22:58:09.273] [modloading-worker-0/INFO] [quark/]: Found Quark module class vazkii.quark.content.tools.module.SeedPouchModule
[09Feb2026 22:58:09.284] [modloading-worker-0/INFO] [quark/]: Found Quark module class vazkii.quark.content.tools.module.PickarangModule
[09Feb2026 22:58:09.297] [modloading-worker-0/INFO] [quark/]: Found Quark module class vazkii.quark.content.tools.module.PathfinderMapsModule
[09Feb2026 22:58:09.302] [modloading-worker-0/INFO] [quark/]: Found Quark module class vazkii.quark.content.tools.module.ParrotEggsModule
[09Feb2026 22:58:09.306] [modloading-worker-0/INFO] [quark/]: Found Quark module class vazkii.quark.content.tools.module.EndermoshMusicDiscModule
[09Feb2026 22:58:09.308] [modloading-worker-0/INFO] [quark/]: Found Quark module class vazkii.quark.content.tools.module.ColorRunesModule
[09Feb2026 22:58:09.311] [modloading-worker-0/INFO] [quark/]: Found Quark module class vazkii.quark.content.tools.module.BundleRecipeModule
[09Feb2026 22:58:09.313] [modloading-worker-0/INFO] [quark/]: Found Quark module class vazkii.quark.content.tools.module.BottledCloudModule
[09Feb2026 22:58:09.320] [modloading-worker-0/INFO] [quark/]: Found Quark module class vazkii.quark.content.tools.module.BeaconRedirectionModule
[09Feb2026 22:58:09.322] [modloading-worker-0/INFO] [quark/]: Found Quark module class vazkii.quark.content.tools.module.AncientTomesModule
[09Feb2026 22:58:09.324] [modloading-worker-0/INFO] [quark/]: Found Quark module class vazkii.quark.content.tools.module.AmbientDiscsModule
[09Feb2026 22:58:09.327] [modloading-worker-0/INFO] [quark/]: Found Quark module class vazkii.quark.content.tools.module.AbacusModule
[09Feb2026 22:58:09.334] [modloading-worker-0/INFO] [quark/]: Found Quark module class vazkii.quark.content.mobs.module.WraithModule
[09Feb2026 22:58:09.336] [modloading-worker-0/INFO] [quark/]: Found Quark module class vazkii.quark.content.mobs.module.ToretoiseModule
[09Feb2026 22:58:09.339] [modloading-worker-0/INFO] [quark/]: Found Quark module class vazkii.quark.content.mobs.module.StonelingsModule
[09Feb2026 22:58:09.343] [modloading-worker-0/INFO] [quark/]: Found Quark module class vazkii.quark.content.mobs.module.ShibaModule
[09Feb2026 22:58:09.344] [modloading-worker-0/INFO] [quark/]: Found Quark module class vazkii.quark.content.mobs.module.FoxhoundModule
[09Feb2026 22:58:09.348] [modloading-worker-0/INFO] [quark/]: Found Quark module class vazkii.quark.content.mobs.module.ForgottenModule
[09Feb2026 22:58:09.355] [modloading-worker-0/INFO] [quark/]: Found Quark module class vazkii.quark.content.mobs.module.CrabsModule
[09Feb2026 22:58:09.357] [modloading-worker-0/INFO] [quark/]: Found Quark module class vazkii.quark.content.management.module.QuickArmorSwappingModule
[09Feb2026 22:58:09.361] [modloading-worker-0/INFO] [quark/]: Found Quark module class vazkii.quark.content.management.module.ItemSharingModule
[09Feb2026 22:58:09.362] [modloading-worker-0/INFO] [quark/]: Found Quark module class vazkii.quark.content.management.module.InventorySortingModule
[09Feb2026 22:58:09.366] [modloading-worker-0/INFO] [quark/]: Found Quark module class vazkii.quark.content.management.module.HotbarChangerModule
[09Feb2026 22:58:09.369] [modloading-worker-0/INFO] [quark/]: Found Quark module class vazkii.quark.content.management.module.ExpandedItemInteractionsModule
[09Feb2026 22:58:09.374] [modloading-worker-0/INFO] [quark/]: Found Quark module class vazkii.quark.content.management.module.EasyTransferingModule
[09Feb2026 22:58:09.376] [modloading-worker-0/INFO] [quark/]: Found Quark module class vazkii.quark.content.management.module.AutomaticToolRestockModule
[09Feb2026 22:58:09.388] [modloading-worker-0/INFO] [quark/]: Found Quark module class vazkii.quark.content.experimental.module.SpawnerReplacerModule
[09Feb2026 22:58:09.393] [modloading-worker-0/INFO] [quark/]: Found Quark module class vazkii.quark.content.experimental.module.OverlayShaderModule
[09Feb2026 22:58:09.394] [modloading-worker-0/INFO] [quark/]: Found Quark module class vazkii.quark.content.experimental.module.NarratorReadoutModule
[09Feb2026 22:58:09.399] [modloading-worker-0/INFO] [quark/]: Found Quark module class vazkii.quark.content.experimental.module.GameNerfsModule
[09Feb2026 22:58:09.401] [modloading-worker-0/INFO] [quark/]: Found Quark module class vazkii.quark.content.experimental.module.EnchantmentsBegoneModule
[09Feb2026 22:58:09.404] [modloading-worker-0/INFO] [quark/]: Found Quark module class vazkii.quark.content.experimental.module.EnchantmentPredicatesModule
[09Feb2026 22:58:09.407] [modloading-worker-0/INFO] [quark/]: Found Quark module class vazkii.quark.content.experimental.module.AdjustableChatModule
[09Feb2026 22:58:09.407] [modloading-worker-0/INFO] [quark/]: Found Quark module class vazkii.quark.content.client.module.WoolShutsUpMinecartsModule
[09Feb2026 22:58:09.413] [modloading-worker-0/INFO] [quark/]: Found Quark module class vazkii.quark.content.client.module.VariantAnimalTexturesModule
[09Feb2026 22:58:09.413] [modloading-worker-0/INFO] [quark/]: Found Quark module class vazkii.quark.content.client.module.UsesForCursesModule
[09Feb2026 22:58:09.417] [modloading-worker-0/INFO] [quark/]: Found Quark module class vazkii.quark.content.client.module.UsageTickerModule
[09Feb2026 22:58:09.419] [modloading-worker-0/INFO] [quark/]: Found Quark module class vazkii.quark.content.client.module.SoulCandlesModule
[09Feb2026 22:58:09.421] [modloading-worker-0/INFO] [quark/]: Found Quark module class vazkii.quark.content.client.module.MicrocraftingHelperModule
[09Feb2026 22:58:09.425] [modloading-worker-0/INFO] [quark/]: Found Quark module class vazkii.quark.content.client.module.LongRangePickBlockModule
[09Feb2026 22:58:09.428] [modloading-worker-0/INFO] [quark/]: Found Quark module class vazkii.quark.content.client.module.ImprovedTooltipsModule
[09Feb2026 22:58:09.431] [modloading-worker-0/INFO] [quark/]: Found Quark module class vazkii.quark.content.client.module.GreenerGrassModule
[09Feb2026 22:58:09.433] [modloading-worker-0/INFO] [quark/]: Found Quark module class vazkii.quark.content.client.module.ElytraIndicatorModule
[09Feb2026 22:58:09.439] [modloading-worker-0/INFO] [quark/]: Found Quark module class vazkii.quark.content.client.module.ChestSearchingModule
[09Feb2026 22:58:09.443] [modloading-worker-0/INFO] [quark/]: Found Quark module class vazkii.quark.content.client.module.CameraModule
[09Feb2026 22:58:09.444] [modloading-worker-0/INFO] [quark/]: Found Quark module class vazkii.quark.content.client.module.BackButtonKeybindModule
[09Feb2026 22:58:09.445] [modloading-worker-0/INFO] [quark/]: Found Quark module class vazkii.quark.content.client.module.AutoWalkKeybindModule
[09Feb2026 22:58:09.446] [modloading-worker-0/INFO] [quark/]: Found Quark module class vazkii.quark.content.building.module.WoodenPostsModule
[09Feb2026 22:58:09.450] [modloading-worker-0/INFO] [quark/]: Found Quark module class vazkii.quark.content.building.module.VerticalSlabsModule
[09Feb2026 22:58:09.459] [modloading-worker-0/INFO] [quark/]: Found Quark module class vazkii.quark.content.building.module.VerticalPlanksModule
[09Feb2026 22:58:09.460] [modloading-worker-0/INFO] [quark/]: Found Quark module class vazkii.quark.content.building.module.VariantLaddersModule
[09Feb2026 22:58:09.463] [modloading-worker-0/INFO] [quark/]: Found Quark module class vazkii.quark.content.building.module.VariantFurnacesModule
[09Feb2026 22:58:09.469] [modloading-worker-0/INFO] [quark/]: Found Quark module class vazkii.quark.content.building.module.VariantChestsModule
[09Feb2026 22:58:09.482] [modloading-worker-0/INFO] [quark/]: Found Quark module class vazkii.quark.content.building.module.VariantBookshelvesModule
[09Feb2026 22:58:09.482] [modloading-worker-0/INFO] [quark/]: Found Quark module class vazkii.quark.content.building.module.ThatchModule
[09Feb2026 22:58:09.484] [modloading-worker-0/INFO] [quark/]: Found Quark module class vazkii.quark.content.building.module.SturdyStoneModule
[09Feb2026 22:58:09.487] [modloading-worker-0/INFO] [quark/]: Found Quark module class vazkii.quark.content.building.module.StoolsModule
[09Feb2026 22:58:09.487] [modloading-worker-0/INFO] [quark/]: Found Quark module class vazkii.quark.content.building.module.SoulSandstoneModule
[09Feb2026 22:58:09.489] [modloading-worker-0/INFO] [quark/]: Found Quark module class vazkii.quark.content.building.module.ShinglesModule
[09Feb2026 22:58:09.490] [modloading-worker-0/INFO] [quark/]: Found Quark module class vazkii.quark.content.building.module.ShearVinesModule
[09Feb2026 22:58:09.494] [modloading-worker-0/INFO] [quark/]: Found Quark module class vazkii.quark.content.building.module.RopeModule
[09Feb2026 22:58:09.503] [modloading-worker-0/INFO] [quark/]: Found Quark module class vazkii.quark.content.building.module.RawMetalBricksModule
[09Feb2026 22:58:09.503] [modloading-worker-0/INFO] [quark/]: Found Quark module class vazkii.quark.content.building.module.NetherBrickFenceGateModule
[09Feb2026 22:58:09.504] [modloading-worker-0/INFO] [quark/]: Found Quark module class vazkii.quark.content.building.module.MoreStoneVariantsModule
[09Feb2026 22:58:09.507] [modloading-worker-0/INFO] [quark/]: Found Quark module class vazkii.quark.content.building.module.MorePottedPlantsModule
[09Feb2026 22:58:09.508] [modloading-worker-0/INFO] [quark/]: Found Quark module class vazkii.quark.content.building.module.MoreMudBlocksModule
[09Feb2026 22:58:09.510] [modloading-worker-0/INFO] [quark/]: Found Quark module class vazkii.quark.content.building.module.MoreBrickTypesModule
[09Feb2026 22:58:09.512] [modloading-worker-0/INFO] [quark/]: Found Quark module class vazkii.quark.content.building.module.MidoriModule
[09Feb2026 22:58:09.515] [modloading-worker-0/INFO] [quark/]: Found Quark module class vazkii.quark.content.building.module.LeafCarpetModule
[09Feb2026 22:58:09.516] [modloading-worker-0/INFO] [quark/]: Found Quark module class vazkii.quark.content.building.module.JapanesePaletteModule
[09Feb2026 22:58:09.517] [modloading-worker-0/INFO] [quark/]: Found Quark module class vazkii.quark.content.building.module.IndustrialPaletteModule
[09Feb2026 22:58:09.519] [modloading-worker-0/INFO] [quark/]: Found Quark module class vazkii.quark.content.building.module.HollowLogsModule
[09Feb2026 22:58:09.522] [modloading-worker-0/INFO] [quark/]: Found Quark module class vazkii.quark.content.building.module.HedgesModule
[09Feb2026 22:58:09.523] [modloading-worker-0/INFO] [quark/]: Found Quark module class vazkii.quark.content.building.module.GrateModule
[09Feb2026 22:58:09.527] [modloading-worker-0/INFO] [quark/]: Found Quark module class vazkii.quark.content.building.module.GoldBarsModule
[09Feb2026 22:58:09.531] [modloading-worker-0/INFO] [quark/]: Found Quark module class vazkii.quark.content.building.module.GlassItemFrameModule
[09Feb2026 22:58:09.535] [modloading-worker-0/INFO] [quark/]: Found Quark module class vazkii.quark.content.building.module.FramedGlassModule
[09Feb2026 22:58:09.536] [modloading-worker-0/INFO] [quark/]: Found Quark module class vazkii.quark.content.building.module.DuskboundBlocksModule
[09Feb2026 22:58:09.539] [modloading-worker-0/INFO] [quark/]: Found Quark module class vazkii.quark.content.building.module.CompressedBlocksModule
[09Feb2026 22:58:09.544] [modloading-worker-0/INFO] [quark/]: Found Quark module class vazkii.quark.content.building.module.CelebratoryLampsModule
[09Feb2026 22:58:09.547] [modloading-worker-0/INFO] [quark/]: Found Quark module class vazkii.quark.content.building.module.BambooBackportModule
[09Feb2026 22:58:09.550] [modloading-worker-0/INFO] [quark/]: Found Quark module class vazkii.quark.content.automation.module.RedstoneRandomizerModule
[09Feb2026 22:58:09.551] [modloading-worker-0/INFO] [quark/]: Found Quark module class vazkii.quark.content.automation.module.PistonsMoveTileEntitiesModule
[09Feb2026 22:58:09.556] [modloading-worker-0/INFO] [quark/]: Found Quark module class vazkii.quark.content.automation.module.ObsidianPlateModule
[09Feb2026 22:58:09.557] [modloading-worker-0/INFO] [quark/]: Found Quark module class vazkii.quark.content.automation.module.MetalButtonsModule
[09Feb2026 22:58:09.557] [modloading-worker-0/INFO] [quark/]: Found Quark module class vazkii.quark.content.automation.module.JukeboxAutomationModule
[09Feb2026 22:58:09.559] [modloading-worker-0/INFO] [quark/]: Found Quark module class vazkii.quark.content.automation.module.IronRodModule
[09Feb2026 22:58:09.563] [modloading-worker-0/INFO] [quark/]: Found Quark module class vazkii.quark.content.automation.module.GravisandModule
[09Feb2026 22:58:09.567] [modloading-worker-0/INFO] [quark/]: Found Quark module class vazkii.quark.content.automation.module.FeedingTroughModule
[09Feb2026 22:58:09.570] [modloading-worker-0/INFO] [quark/]: Found Quark module class vazkii.quark.content.automation.module.EnderWatcherModule
[09Feb2026 22:58:09.573] [modloading-worker-0/INFO] [quark/]: Found Quark module class vazkii.quark.content.automation.module.DispensersPlaceBlocksModule
[09Feb2026 22:58:09.573] [modloading-worker-0/INFO] [quark/]: Found Quark module class vazkii.quark.content.automation.module.ChuteModule
[09Feb2026 22:58:09.576] [modloading-worker-0/INFO] [quark/]: Found Quark module class vazkii.quark.content.automation.module.ChainsConnectBlocksModule
[09Feb2026 22:58:09.578] [modloading-worker-0/INFO] [quark/]: Found Quark module class vazkii.quark.addons.oddities.module.TotemOfHoldingModule
[09Feb2026 22:58:09.582] [modloading-worker-0/INFO] [quark/]: Found Quark module class vazkii.quark.addons.oddities.module.TinyPotatoModule
[09Feb2026 22:58:09.586] [modloading-worker-0/INFO] [quark/]: Found Quark module class vazkii.quark.addons.oddities.module.PipesModule
[09Feb2026 22:58:09.597] [modloading-worker-0/INFO] [quark/]: Found Quark module class vazkii.quark.addons.oddities.module.MatrixEnchantingModule
[09Feb2026 22:58:09.601] [modloading-worker-0/INFO] [quark/]: Found Quark module class vazkii.quark.addons.oddities.module.MagnetsModule
[09Feb2026 22:58:09.607] [modloading-worker-0/INFO] [quark/]: Found Quark module class vazkii.quark.addons.oddities.module.CrateModule
[09Feb2026 22:58:09.610] [modloading-worker-0/INFO] [quark/]: Found Quark module class vazkii.quark.addons.oddities.module.BackpackModule
[09Feb2026 22:58:09.617] [modloading-worker-0/INFO] [quark/]: Dispatching Module Step CONSTRUCT
[09Feb2026 22:58:09.832] [modloading-worker-0/INFO] [quark/]: Loading Module Redstone Randomizer
[09Feb2026 22:58:09.832] [modloading-worker-0/INFO] [quark/]: Loading Module Pistons Move Tile Entities
[09Feb2026 22:58:09.834] [modloading-worker-0/INFO] [quark/]: Loading Module Obsidian Plate
[09Feb2026 22:58:09.836] [modloading-worker-0/INFO] [quark/]: Loading Module Metal Buttons
[09Feb2026 22:58:09.838] [modloading-worker-0/INFO] [quark/]: Loading Module Jukebox Automation
[09Feb2026 22:58:09.840] [modloading-worker-0/INFO] [quark/]: Loading Module Iron Rod
[09Feb2026 22:58:09.842] [modloading-worker-0/INFO] [quark/]: Loading Module Gravisand
[09Feb2026 22:58:09.842] [modloading-worker-0/INFO] [quark/]: Loading Module Feeding Trough
[09Feb2026 22:58:09.846] [modloading-worker-0/INFO] [quark/]: Loading Module Ender Watcher
[09Feb2026 22:58:09.848] [modloading-worker-0/INFO] [quark/]: Loading Module Dispensers Place Blocks
[09Feb2026 22:58:09.848] [modloading-worker-0/INFO] [quark/]: Loading Module Chute
[09Feb2026 22:58:09.848] [modloading-worker-0/INFO] [quark/]: Loading Module Chains Connect Blocks
[09Feb2026 22:58:09.848] [modloading-worker-0/INFO] [quark/]: Loading Module Wooden Posts
[09Feb2026 22:58:09.849] [modloading-worker-0/INFO] [quark/]: Loading Module Vertical Slabs
[09Feb2026 22:58:09.849] [modloading-worker-0/INFO] [quark/]: Loading Module Vertical Planks
[09Feb2026 22:58:09.849] [modloading-worker-0/INFO] [quark/]: Loading Module Variant Ladders
[09Feb2026 22:58:09.849] [modloading-worker-0/INFO] [quark/]: Loading Module Variant Furnaces
[09Feb2026 22:58:09.851] [modloading-worker-0/INFO] [quark/]: Loading Module Variant Chests
[09Feb2026 22:58:09.856] [modloading-worker-0/INFO] [quark/]: Loading Module Variant Bookshelves
[09Feb2026 22:58:09.856] [modloading-worker-0/INFO] [quark/]: Loading Module Thatch
[09Feb2026 22:58:09.856] [modloading-worker-0/INFO] [quark/]: Loading Module Sturdy Stone
[09Feb2026 22:58:09.857] [modloading-worker-0/INFO] [quark/]: Loading Module Stools
[09Feb2026 22:58:09.861] [modloading-worker-0/INFO] [quark/]: Loading Module Soul Sandstone
[09Feb2026 22:58:09.862] [modloading-worker-0/INFO] [quark/]: Loading Module Shingles
[09Feb2026 22:58:09.862] [modloading-worker-0/INFO] [quark/]: Loading Module Shear Vines
[09Feb2026 22:58:09.865] [modloading-worker-0/INFO] [quark/]: Loading Module Rope
[09Feb2026 22:58:09.865] [modloading-worker-0/INFO] [quark/]: Loading Module Raw Metal Bricks
[09Feb2026 22:58:09.865] [modloading-worker-0/INFO] [quark/]: Loading Module Nether Brick Fence Gate
[09Feb2026 22:58:09.865] [modloading-worker-0/INFO] [quark/]: Loading Module More Stone Variants
[09Feb2026 22:58:09.865] [modloading-worker-0/INFO] [quark/]: Loading Module More Potted Plants
[09Feb2026 22:58:09.865] [modloading-worker-0/INFO] [quark/]: Loading Module More Mud Blocks
[09Feb2026 22:58:09.865] [modloading-worker-0/INFO] [quark/]: Loading Module More Brick Types
[09Feb2026 22:58:09.866] [modloading-worker-0/INFO] [quark/]: Loading Module Midori
[09Feb2026 22:58:09.866] [modloading-worker-0/INFO] [quark/]: Loading Module Leaf Carpet
[09Feb2026 22:58:09.868] [modloading-worker-0/INFO] [quark/]: Loading Module Japanese Palette
[09Feb2026 22:58:09.868] [modloading-worker-0/INFO] [quark/]: Loading Module Industrial Palette
[09Feb2026 22:58:09.869] [modloading-worker-0/INFO] [quark/]: Loading Module Hollow Logs
[09Feb2026 22:58:09.869] [modloading-worker-0/INFO] [quark/]: Loading Module Hedges
[09Feb2026 22:58:09.871] [modloading-worker-0/INFO] [quark/]: Loading Module Grate
[09Feb2026 22:58:09.871] [modloading-worker-0/INFO] [quark/]: Loading Module Gold Bars
[09Feb2026 22:58:09.871] [modloading-worker-0/INFO] [quark/]: Loading Module Glass Item Frame
[09Feb2026 22:58:09.871] [modloading-worker-0/INFO] [quark/]: Loading Module Framed Glass
[09Feb2026 22:58:09.872] [modloading-worker-0/INFO] [quark/]: Loading Module Duskbound Blocks
[09Feb2026 22:58:09.872] [modloading-worker-0/INFO] [quark/]: Loading Module Compressed Blocks
[09Feb2026 22:58:09.872] [modloading-worker-0/INFO] [quark/]: Loading Module Celebratory Lamps
[09Feb2026 22:58:09.873] [modloading-worker-0/INFO] [quark/]: Loading Module Bamboo Backport
[09Feb2026 22:58:09.873] [modloading-worker-0/INFO] [quark/]: Loading Module Quick Armor Swapping
[09Feb2026 22:58:09.876] [modloading-worker-0/INFO] [quark/]: Loading Module Item Sharing
[09Feb2026 22:58:09.876] [modloading-worker-0/INFO] [quark/]: Loading Module Inventory Sorting
[09Feb2026 22:58:09.876] [modloading-worker-0/INFO] [quark/]: Loading Module Hotbar Changer
[09Feb2026 22:58:09.876] [modloading-worker-0/INFO] [quark/]: Loading Module Expanded Item Interactions
[09Feb2026 22:58:09.876] [modloading-worker-0/INFO] [quark/]: Loading Module Easy Transfering
[09Feb2026 22:58:09.876] [modloading-worker-0/INFO] [quark/]: Loading Module Automatic Tool Restock
[09Feb2026 22:58:09.879] [modloading-worker-0/INFO] [quark/]: Loading Module Trowel
[09Feb2026 22:58:09.880] [modloading-worker-0/INFO] [quark/]: Loading Module Torch Arrow
[09Feb2026 22:58:09.880] [modloading-worker-0/INFO] [quark/]: Loading Module Slime In A Bucket
[09Feb2026 22:58:09.883] [modloading-worker-0/INFO] [quark/]: Loading Module Skull Pikes
[09Feb2026 22:58:09.885] [modloading-worker-0/INFO] [quark/]: Loading Module Seed Pouch
[09Feb2026 22:58:09.886] [modloading-worker-0/INFO] [quark/]: Loading Module Pickarang
[09Feb2026 22:58:09.887] [modloading-worker-0/INFO] [quark/]: Loading Module Pathfinder Maps
[09Feb2026 22:58:09.894] [modloading-worker-0/INFO] [quark/]: Loading Module Parrot Eggs
[09Feb2026 22:58:09.898] [modloading-worker-0/INFO] [quark/]: Loading Module Endermosh Music Disc
[09Feb2026 22:58:09.899] [modloading-worker-0/INFO] [quark/]: Loading Module Color Runes
[09Feb2026 22:58:09.906] [modloading-worker-0/INFO] [quark/]: Loading Module Bundle Recipe
[09Feb2026 22:58:09.907] [modloading-worker-0/INFO] [quark/]: Loading Module Bottled Cloud
[09Feb2026 22:58:09.907] [modloading-worker-0/INFO] [quark/]: Loading Module Beacon Redirection
[09Feb2026 22:58:09.909] [modloading-worker-0/INFO] [quark/]: Loading Module Ancient Tomes
[09Feb2026 22:58:09.920] [modloading-worker-0/INFO] [quark/]: Loading Module Ambient Discs
[09Feb2026 22:58:09.921] [modloading-worker-0/INFO] [quark/]: Loading Module Abacus
[09Feb2026 22:58:09.923] [modloading-worker-0/INFO] [quark/]: Loading Module Zombie Villagers On Normal
[09Feb2026 22:58:09.925] [modloading-worker-0/INFO] [quark/]: Loading Module Villagers Follow Emeralds
[09Feb2026 22:58:09.928] [modloading-worker-0/INFO] [quark/]: Loading Module Vexes Die With Their Masters
[09Feb2026 22:58:09.929] [modloading-worker-0/INFO] [quark/]: Loading Module Utility Recipes
[09Feb2026 22:58:09.931] [modloading-worker-0/INFO] [quark/]: Loading Module Sponge On Water Placement
[09Feb2026 22:58:09.934] [modloading-worker-0/INFO] [quark/]: Loading Module Snow Golem Player Heads
[09Feb2026 22:58:09.934] [modloading-worker-0/INFO] [quark/]: Loading Module Slimes To Magma Cubes
[09Feb2026 22:58:09.936] [modloading-worker-0/INFO] [quark/]: Loading Module Slabs To Blocks
[09Feb2026 22:58:09.946] [modloading-worker-0/INFO] [quark/]: Loading Module Simple Harvest
[09Feb2026 22:58:09.948] [modloading-worker-0/INFO] [quark/]: Loading Module Sign Editing
[09Feb2026 22:58:09.951] [modloading-worker-0/INFO] [quark/]: Loading Module Shulker Packing
[09Feb2026 22:58:09.952] [modloading-worker-0/INFO] [quark/]: Loading Module Safer Creatures
[09Feb2026 22:58:09.955] [modloading-worker-0/INFO] [quark/]: Loading Module Replace Scaffolding
[09Feb2026 22:58:09.959] [modloading-worker-0/INFO] [quark/]: Loading Module Renewable Spore Blossoms
[09Feb2026 22:58:09.963] [modloading-worker-0/INFO] [quark/]: Loading Module Reacharound Placing
[09Feb2026 22:58:09.964] [modloading-worker-0/INFO] [quark/]: Loading Module Poison Potato Usage
[09Feb2026 22:58:09.967] [modloading-worker-0/INFO] [quark/]: Loading Module Pig Litters
[09Feb2026 22:58:09.984] [modloading-worker-0/INFO] [quark/]: Loading Module Pat The Dogs
[09Feb2026 22:58:09.988] [modloading-worker-0/INFO] [quark/]: Loading Module No Durability On Cosmetics
[09Feb2026 22:58:09.999] [modloading-worker-0/INFO] [quark/]: Loading Module More Note Block Sounds
[09Feb2026 22:58:10.006] [modloading-worker-0/INFO] [quark/]: Loading Module More Banner Layers
[09Feb2026 22:58:10.010] [modloading-worker-0/INFO] [quark/]: Loading Module Lock Rotation
[09Feb2026 22:58:10.015] [modloading-worker-0/INFO] [quark/]: Loading Module Horses Swim
[09Feb2026 22:58:10.021] [modloading-worker-0/INFO] [quark/]: Loading Module Hoe Harvesting
[09Feb2026 22:58:10.024] [modloading-worker-0/INFO] [quark/]: Loading Module Grab Chickens
[09Feb2026 22:58:10.034] [modloading-worker-0/INFO] [quark/]: Loading Module Gold Tools Have Fortune
[09Feb2026 22:58:10.037] [modloading-worker-0/INFO] [quark/]: Loading Module Glass Shard
[09Feb2026 22:58:10.042] [modloading-worker-0/INFO] [quark/]: Loading Module Enhanced Ladders
[09Feb2026 22:58:10.043] [modloading-worker-0/INFO] [quark/]: Loading Module Emotes
[09Feb2026 22:58:10.048] [modloading-worker-0/INFO] [quark/]: Loading Module Dyeable Item Frames
[09Feb2026 22:58:10.049] [modloading-worker-0/INFO] [quark/]: Loading Module Dragon Scales
[09Feb2026 22:58:10.050] [modloading-worker-0/INFO] [quark/]: Loading Module Double Door Opening
[09Feb2026 22:58:10.051] [modloading-worker-0/INFO] [quark/]: Loading Module Coral On Cactus
[09Feb2026 22:58:10.052] [modloading-worker-0/INFO] [quark/]: Loading Module Compasses Work Everywhere
[09Feb2026 22:58:10.053] [modloading-worker-0/INFO] [quark/]: Loading Module Campfires Boost Elytra
[09Feb2026 22:58:10.057] [modloading-worker-0/INFO] [quark/]: Loading Module Better Elytra Rocket
[09Feb2026 22:58:10.059] [modloading-worker-0/INFO] [quark/]: Loading Module Automatic Recipe Unlock
[09Feb2026 22:58:10.065] [modloading-worker-0/INFO] [quark/]: Loading Module Armed Armor Stands
[09Feb2026 22:58:10.069] [modloading-worker-0/INFO] [quark/]: Loading Module Spiral Spires
[09Feb2026 22:58:10.075] [modloading-worker-0/INFO] [quark/]: Loading Module Permafrost
[09Feb2026 22:58:10.076] [modloading-worker-0/INFO] [quark/]: Loading Module No More Lava Pockets
[09Feb2026 22:58:10.076] [modloading-worker-0/INFO] [quark/]: Loading Module New Stone Types
[09Feb2026 22:58:10.077] [modloading-worker-0/INFO] [quark/]: Loading Module Nether Obsidian Spikes
[09Feb2026 22:58:10.079] [modloading-worker-0/INFO] [quark/]: Loading Module Monster Box
[09Feb2026 22:58:10.080] [modloading-worker-0/INFO] [quark/]: Loading Module Glimmering Weald
[09Feb2026 22:58:10.080] [modloading-worker-0/INFO] [quark/]: Loading Module Fairy Rings
[09Feb2026 22:58:10.081] [modloading-worker-0/INFO] [quark/]: Loading Module Corundum
[09Feb2026 22:58:10.081] [modloading-worker-0/INFO] [quark/]: Loading Module Chorus Vegetation
[09Feb2026 22:58:10.081] [modloading-worker-0/INFO] [quark/]: Loading Module Blossom Trees
[09Feb2026 22:58:10.082] [modloading-worker-0/INFO] [quark/]: Loading Module Big Stone Clusters
[09Feb2026 22:58:10.082] [modloading-worker-0/INFO] [quark/]: Loading Module Azalea Wood
[09Feb2026 22:58:10.084] [modloading-worker-0/INFO] [quark/]: Loading Module Ancient Wood
[09Feb2026 22:58:10.086] [modloading-worker-0/INFO] [quark/]: Loading Module Wraith
[09Feb2026 22:58:10.086] [modloading-worker-0/INFO] [quark/]: Loading Module Toretoise
[09Feb2026 22:58:10.096] [modloading-worker-0/INFO] [quark/]: Loading Module Stonelings
[09Feb2026 22:58:10.102] [modloading-worker-0/INFO] [quark/]: Loading Module Shiba
[09Feb2026 22:58:10.103] [modloading-worker-0/INFO] [quark/]: Loading Module Foxhound
[09Feb2026 22:58:10.114] [modloading-worker-0/INFO] [quark/]: Loading Module Forgotten
[09Feb2026 22:58:10.115] [modloading-worker-0/INFO] [quark/]: Loading Module Crabs
[09Feb2026 22:58:10.117] [modloading-worker-0/INFO] [quark/]: Loading Module Wool Shuts Up Minecarts
[09Feb2026 22:58:10.118] [modloading-worker-0/INFO] [quark/]: Loading Module Variant Animal Textures
[09Feb2026 22:58:10.118] [modloading-worker-0/INFO] [quark/]: Loading Module Uses For Curses
[09Feb2026 22:58:10.118] [modloading-worker-0/INFO] [quark/]: Loading Module Usage Ticker
[09Feb2026 22:58:10.121] [modloading-worker-0/INFO] [quark/]: Loading Module Soul Candles
[09Feb2026 22:58:10.121] [modloading-worker-0/INFO] [quark/]: Loading Module Microcrafting Helper
[09Feb2026 22:58:10.121] [modloading-worker-0/INFO] [quark/]: Loading Module Long Range Pick Block
[09Feb2026 22:58:10.121] [modloading-worker-0/INFO] [quark/]: Loading Module Improved Tooltips
[09Feb2026 22:58:10.121] [modloading-worker-0/INFO] [quark/]: Loading Module Greener Grass
[09Feb2026 22:58:10.122] [modloading-worker-0/INFO] [quark/]: Loading Module Elytra Indicator
[09Feb2026 22:58:10.124] [modloading-worker-0/INFO] [quark/]: Loading Module Chest Searching
[09Feb2026 22:58:10.124] [modloading-worker-0/INFO] [quark/]: Loading Module Camera
[09Feb2026 22:58:10.124] [modloading-worker-0/INFO] [quark/]: Loading Module Back Button Keybind
[09Feb2026 22:58:10.124] [modloading-worker-0/INFO] [quark/]: Loading Module Auto Walk Keybind
[09Feb2026 22:58:10.125] [modloading-worker-0/INFO] [quark/]: Loading Module Spawner Replacer
[09Feb2026 22:58:10.126] [modloading-worker-0/INFO] [quark/]: Loading Module Overlay Shader
[09Feb2026 22:58:10.131] [modloading-worker-0/INFO] [quark/]: Loading Module Narrator Readout
[09Feb2026 22:58:10.131] [modloading-worker-0/INFO] [quark/]: Loading Module Game Nerfs
[09Feb2026 22:58:10.132] [modloading-worker-0/INFO] [quark/]: Loading Module Enchantments Begone
[09Feb2026 22:58:10.133] [modloading-worker-0/INFO] [quark/]: Loading Module Enchantment Predicates
[09Feb2026 22:58:10.133] [modloading-worker-0/INFO] [quark/]: Loading Module Adjustable Chat
[09Feb2026 22:58:10.133] [modloading-worker-0/INFO] [quark/]: Loading Module Totem Of Holding
[09Feb2026 22:58:10.134] [modloading-worker-0/INFO] [quark/]: Loading Module Tiny Potato
[09Feb2026 22:58:10.134] [modloading-worker-0/INFO] [quark/]: Loading Module Pipes
[09Feb2026 22:58:10.134] [modloading-worker-0/INFO] [quark/]: Loading Module Matrix Enchanting
[09Feb2026 22:58:10.134] [modloading-worker-0/INFO] [quark/]: Loading Module Magnets
[09Feb2026 22:58:10.134] [modloading-worker-0/INFO] [quark/]: Loading Module Crate
[09Feb2026 22:58:10.134] [modloading-worker-0/INFO] [quark/]: Loading Module Backpack
[09Feb2026 22:58:10.284] [modloading-worker-0/INFO] [fancymenu/FancyMenu/]: [FANCYMENU] Loading v2.14.9 in server-side mode!
[09Feb2026 22:58:10.430] [modloading-worker-0/INFO] [Puzzles Lib/]: Constructing common components for mod puzzleslib
[09Feb2026 22:58:10.449] [modloading-worker-0/INFO] [be.florens.expandability.ExpandAbility/]: ExpandAbility here, who dis?
[09Feb2026 22:58:11.234] [modloading-worker-0/INFO] [thelm.jaopca.data.DataCollector/]: Found 2191 unique defined tags
[09Feb2026 22:58:11.433] [modloading-worker-0/INFO] [thelm.jaopca.data.DataCollector/]: Found 11791 unique defined recipes
[09Feb2026 22:58:11.536] [modloading-worker-0/INFO] [thelm.jaopca.data.DataCollector/]: Found 3718 unique defined loot tables
[09Feb2026 22:58:11.578] [modloading-worker-0/INFO] [thelm.jaopca.data.DataCollector/]: Found 2946 unique defined advancements
[09Feb2026 22:58:11.663] [modloading-worker-0/INFO] [thelm.jaopca.modules.ModuleHandler/]: Module thelm.jaopca.compat.voluminousenergy.VoluminousEnergyModule has missing mod dependencies, skipping
[09Feb2026 22:58:11.663] [modloading-worker-0/INFO] [thelm.jaopca.modules.ModuleHandler/]: Module thelm.jaopca.compat.voluminousenergy.VoluminousEnergyDustModule has missing mod dependencies, skipping
[09Feb2026 22:58:11.663] [modloading-worker-0/INFO] [thelm.jaopca.modules.ModuleHandler/]: Module thelm.jaopca.compat.voluminousenergy.VoluminousEnergyCrystalModule has missing mod dependencies, skipping
[09Feb2026 22:58:11.663] [modloading-worker-0/INFO] [thelm.jaopca.modules.ModuleHandler/]: Module thelm.jaopca.compat.voluminousenergy.VoluminousEnergyCompatModule has missing mod dependencies, skipping
[09Feb2026 22:58:11.667] [modloading-worker-0/INFO] [thelm.jaopca.modules.ModuleHandler/]: Module thelm.jaopca.compat.occultism.OccultismModule has missing mod dependencies, skipping
[09Feb2026 22:58:11.667] [modloading-worker-0/INFO] [thelm.jaopca.modules.ModuleHandler/]: Module thelm.jaopca.compat.occultism.OccultismCompatModule has missing mod dependencies, skipping
[09Feb2026 22:58:11.674] [modloading-worker-0/INFO] [thelm.jaopca.modules.ModuleHandler/]: Module thelm.jaopca.compat.integrateddynamics.IntegratedDynamicsNonIngotModule has missing mod dependencies, skipping
[09Feb2026 22:58:11.674] [modloading-worker-0/INFO] [thelm.jaopca.modules.ModuleHandler/]: Module thelm.jaopca.compat.integrateddynamics.IntegratedDynamicsModule has missing mod dependencies, skipping
[09Feb2026 22:58:11.674] [modloading-worker-0/INFO] [thelm.jaopca.modules.ModuleHandler/]: Module thelm.jaopca.compat.integrateddynamics.IntegratedDynamicsLegacyModule has missing mod dependencies, skipping
[09Feb2026 22:58:11.675] [modloading-worker-0/INFO] [thelm.jaopca.modules.ModuleHandler/]: Module thelm.jaopca.compat.indreb.IndRebModule has missing mod dependencies, skipping
[09Feb2026 22:58:11.675] [modloading-worker-0/INFO] [thelm.jaopca.modules.ModuleHandler/]: Module thelm.jaopca.compat.indreb.IndRebCompatModule has missing mod dependencies, skipping
[09Feb2026 22:58:11.675] [modloading-worker-0/INFO] [thelm.jaopca.modules.ModuleHandler/]: Module thelm.jaopca.compat.immersiveengineering.ImmersiveEngineeringNonIngotModule has missing mod dependencies, skipping
[09Feb2026 22:58:11.675] [modloading-worker-0/INFO] [thelm.jaopca.modules.ModuleHandler/]: Module thelm.jaopca.compat.immersiveengineering.ImmersiveEngineeringModule has missing mod dependencies, skipping
[09Feb2026 22:58:11.675] [modloading-worker-0/INFO] [thelm.jaopca.modules.ModuleHandler/]: Module thelm.jaopca.compat.immersiveengineering.ImmersiveEngineeringCompatModule has missing mod dependencies, skipping
[09Feb2026 22:58:11.675] [modloading-worker-0/INFO] [thelm.jaopca.modules.ModuleHandler/]: Module thelm.jaopca.compat.ic2.IC2NonIngotModule has missing mod dependencies, skipping
[09Feb2026 22:58:11.675] [modloading-worker-0/INFO] [thelm.jaopca.modules.ModuleHandler/]: Module thelm.jaopca.compat.ic2.IC2Module has missing mod dependencies, skipping
[09Feb2026 22:58:11.675] [modloading-worker-0/INFO] [thelm.jaopca.modules.ModuleHandler/]: Module thelm.jaopca.compat.ic2.IC2CompatModule has missing mod dependencies, skipping
[09Feb2026 22:58:11.675] [modloading-worker-0/INFO] [thelm.jaopca.modules.ModuleHandler/]: Module thelm.jaopca.compat.ftbic.FTBICNonIngotModule has missing mod dependencies, skipping
[09Feb2026 22:58:11.675] [modloading-worker-0/INFO] [thelm.jaopca.modules.ModuleHandler/]: Module thelm.jaopca.compat.ftbic.FTBICModule has missing mod dependencies, skipping
[09Feb2026 22:58:11.675] [modloading-worker-0/INFO] [thelm.jaopca.modules.ModuleHandler/]: Module thelm.jaopca.compat.ftbic.FTBICCompatModule has missing mod dependencies, skipping
[09Feb2026 22:58:11.676] [modloading-worker-0/INFO] [thelm.jaopca.modules.ModuleHandler/]: Module thelm.jaopca.compat.factorium.FactoriumModule has missing mod dependencies, skipping
[09Feb2026 22:58:11.676] [modloading-worker-0/INFO] [thelm.jaopca.modules.ModuleHandler/]: Module thelm.jaopca.compat.factorium.FactoriumCompatModule has missing mod dependencies, skipping
[09Feb2026 22:58:11.676] [modloading-worker-0/INFO] [thelm.jaopca.modules.ModuleHandler/]: Module thelm.jaopca.compat.electrodynamics.ElectrodynamicsNonIngotModule has missing mod dependencies, skipping
[09Feb2026 22:58:11.676] [modloading-worker-0/INFO] [thelm.jaopca.modules.ModuleHandler/]: Module thelm.jaopca.compat.electrodynamics.ElectrodynamicsModule has missing mod dependencies, skipping
[09Feb2026 22:58:11.676] [modloading-worker-0/INFO] [thelm.jaopca.modules.ModuleHandler/]: Module thelm.jaopca.compat.electrodynamics.ElectrodynamicsCompatModule has missing mod dependencies, skipping
[09Feb2026 22:58:11.678] [modloading-worker-0/INFO] [thelm.jaopca.modules.ModuleHandler/]: Module thelm.jaopca.compat.cyclic.CyclicNonIngotModule has missing mod dependencies, skipping
[09Feb2026 22:58:11.678] [modloading-worker-0/INFO] [thelm.jaopca.modules.ModuleHandler/]: Module thelm.jaopca.compat.cyclic.CyclicModule has missing mod dependencies, skipping
[09Feb2026 22:58:11.679] [modloading-worker-0/INFO] [thelm.jaopca.modules.ModuleHandler/]: Module thelm.jaopca.compat.crossroads.CrossroadsNonIngotModule has missing mod dependencies, skipping
[09Feb2026 22:58:11.679] [modloading-worker-0/INFO] [thelm.jaopca.modules.ModuleHandler/]: Module thelm.jaopca.compat.crossroads.CrossroadsModule has missing mod dependencies, skipping
[09Feb2026 22:58:11.679] [modloading-worker-0/INFO] [thelm.jaopca.modules.ModuleHandler/]: Module thelm.jaopca.compat.crossroads.CrossroadsCompatModule has missing mod dependencies, skipping
[09Feb2026 22:58:11.682] [modloading-worker-0/INFO] [thelm.jaopca.modules.ModuleHandler/]: Module thelm.jaopca.compat.assemblylinemachines.AssemblyLineMachinesModule has missing mod dependencies, skipping
[09Feb2026 22:58:11.683] [modloading-worker-0/INFO] [thelm.jaopca.modules.ModuleHandler/]: Module thelm.jaopca.compat.assemblylinemachines.AssemblyLineMachinesDustModule has missing mod dependencies, skipping
[09Feb2026 22:58:11.683] [modloading-worker-0/INFO] [thelm.jaopca.modules.ModuleHandler/]: Module thelm.jaopca.compat.assemblylinemachines.AssemblyLineMachinesCompatModule has missing mod dependencies, skipping
[09Feb2026 22:58:11.739] [modloading-worker-0/INFO] [thelm.jaopca.materials.MaterialHandler/]: Added 50 materials
[09Feb2026 22:58:12.125] [main/INFO] [quark/]: Dispatching Module Step REGISTER
[09Feb2026 22:58:12.644] [main/INFO] [quark/]: Dispatching Module Step POST_REGISTER
[09Feb2026 22:58:12.789] [main/WARN] [net.minecraftforge.registries.ForgeRegistry/REGISTRIES]: Registry minecraft:sound_event: The object net.minecraft.sounds.SoundEvent@6a662854 has been registered twice for the same name treechop:chop_wood.
[09Feb2026 22:58:17.281] [main/INFO] [com.tom.storagemod.StorageMod/]: Loaded Tom's Simple Storage config file toms_storage-common.toml
[09Feb2026 22:58:17.310] [main/INFO] [quark/]: Dispatching Module Step CONFIG_CHANGED
[09Feb2026 22:58:17.375] [modloading-worker-0/INFO] [dynamiclights/]: [Dynamic Lights] Loaded Dynamic Lights by Tschipcraft successfully!
[09Feb2026 22:58:17.496] [modloading-worker-0/INFO] [com.tom.storagemod.StorageMod/]: Tom's Storage Setup starting
[09Feb2026 22:58:17.497] [modloading-worker-0/INFO] [dev.architectury.networking.forge.NetworkManagerImpl/]: Registering C2S receiver with id custommachinery:add_machine
[09Feb2026 22:58:17.498] [modloading-worker-0/INFO] [dev.architectury.networking.forge.NetworkManagerImpl/]: Registering C2S receiver with id custommachinery:remove_machine
[09Feb2026 22:58:17.498] [modloading-worker-0/INFO] [dev.architectury.networking.forge.NetworkManagerImpl/]: Registering C2S receiver with id custommachinery:element_clicked
[09Feb2026 22:58:17.499] [modloading-worker-0/INFO] [dev.architectury.networking.forge.NetworkManagerImpl/]: Registering C2S receiver with id custommachinery:change_side_mode
[09Feb2026 22:58:17.500] [modloading-worker-0/INFO] [dev.architectury.networking.forge.NetworkManagerImpl/]: Registering C2S receiver with id custommachinery:button_gui_element
[09Feb2026 22:58:17.501] [modloading-worker-0/INFO] [com.tom.storagemod.StorageMod/]: Initilaized Network Handler
[09Feb2026 22:58:17.504] [modloading-worker-0/INFO] [dev.architectury.networking.forge.NetworkManagerImpl/]: Registering C2S receiver with id custommachinery:place_structure
[09Feb2026 22:58:17.518] [modloading-worker-0/INFO] [mekanism.common.Mekanism/]: Version 10.3.8 initializing...
[09Feb2026 22:58:17.530] [modloading-worker-0/INFO] [mekanism.common.Mekanism/]: Loaded 'Mekanism: Generators' module.
[09Feb2026 22:58:17.593] [Forge Version Check/INFO] [net.minecraftforge.fml.VersionChecker/]: [dynamiclights] Starting version check at https://api.modrinth.com/updates/7YjclEGc/forge_updates.json
[09Feb2026 22:58:17.616] [modloading-worker-0/INFO] [com.betterfpsdist.BetterfpsdistMod/]: betterfpsdist mod initialized
[09Feb2026 22:58:17.618] [modloading-worker-0/INFO] [mekanism.common.Mekanism/]: Fake player readout: UUID = 46e82cd0-d480-3d48-800a-77431ede078e, name = [Mekanism]
[09Feb2026 22:58:17.619] [modloading-worker-0/INFO] [mekanism.common.Mekanism/]: Mod loaded.
[09Feb2026 22:58:17.722] [modloading-worker-0/INFO] [quark/]: Dispatching Module Step CONFIG_CHANGED
[09Feb2026 22:58:17.746] [modloading-worker-0/INFO] [quark/]: Dispatching Module Step SETUP
[09Feb2026 22:58:17.846] [Thread-0/INFO] [ModernFix/]: Please use /mfsrc to reload any changed mod config files
[09Feb2026 22:58:18.291] [Forge Version Check/INFO] [net.minecraftforge.fml.VersionChecker/]: [dynamiclights] Found status: OUTDATED Current: 1.8.2+mod Target: 1.9+mod
[09Feb2026 22:58:18.295] [Forge Version Check/INFO] [net.minecraftforge.fml.VersionChecker/]: [controlling] Starting version check at https://updates.blamejared.com/get?n=controlling&gv=1.19.2
[09Feb2026 22:58:18.326] [main/INFO] [moonlight/]: Initialized color sets in 140ms
[09Feb2026 22:58:18.420] [main/INFO] [moonlight/]: Initialized color sets in 93ms
[09Feb2026 22:58:18.558] [modloading-worker-0/INFO] [xaero.map.server.WorldMapServer/]: Loading Xaero's World Map - Stage 1/2 (Server)
[09Feb2026 22:58:18.560] [modloading-worker-0/INFO] [xaero.minimap.XaeroMinimap/]: Loading Xaero's Minimap - Stage 1/2 (Server)
[09Feb2026 22:58:18.582] [main/INFO] [xaero.map.server.WorldMapServer/]: Loading Xaero's World Map - Stage 2/2 (Server)
[09Feb2026 22:58:18.582] [main/INFO] [xaero.minimap.XaeroMinimap/]: Loading Xaero's Minimap - Stage 2/2 (Server)
[09Feb2026 22:58:18.659] [Forge Version Check/INFO] [net.minecraftforge.fml.VersionChecker/]: [controlling] Found status: BETA Current: 10.0+7 Target: 10.0+7
[09Feb2026 22:58:18.660] [Forge Version Check/INFO] [net.minecraftforge.fml.VersionChecker/]: [corpse] Starting version check at https://update.maxhenkel.de/forge/corpse
[09Feb2026 22:58:18.783] [modloading-worker-0/INFO] [Jade/]: Start loading plugin at ht.treechop.compat.Jade
[09Feb2026 22:58:18.804] [modloading-worker-0/INFO] [Jade/]: Start loading plugin at de.maxhenkel.corpse.integration.waila.PluginCorpse
[09Feb2026 22:58:18.808] [modloading-worker-0/INFO] [Jade/]: Start loading plugin at snownee.jade.addon.lootr.LootrPlugin
[09Feb2026 22:58:18.815] [modloading-worker-0/INFO] [Jade/]: Start loading plugin at snownee.jade.addon.general.GeneralPlugin
[09Feb2026 22:58:18.817] [modloading-worker-0/INFO] [Jade/]: Start loading plugin at snownee.jade.addon.create.CreatePlugin
[09Feb2026 22:58:18.819] [modloading-worker-0/ERROR] [Jade/]: Error loading plugin at snownee.jade.addon.create.CreatePlugin
java.lang.NoClassDefFoundError: com/simibubi/create/content/contraptions/processing/burner/BlazeBurnerTileEntity
	at snownee.jade.addon.create.CreatePlugin.register(CreatePlugin.java:61) ~[JadeAddons-1.19.2-forge-3.4.0.jar%23260!/:3.4.0]
	at snownee.jade.Jade.loadComplete(Jade.java:130) ~[Jade-1.19.1-forge-8.8.1.jar%23259!/:8.8.1]
	at net.minecraftforge.eventbus.EventBus.doCastFilter(EventBus.java:260) ~[eventbus-6.0.3.jar%2349!/:?]
	at net.minecraftforge.eventbus.EventBus.lambda$addListener$11(EventBus.java:252) ~[eventbus-6.0.3.jar%2349!/:?]
	at net.minecraftforge.eventbus.EventBus.post(EventBus.java:315) ~[eventbus-6.0.3.jar%2349!/:?]
	at net.minecraftforge.eventbus.EventBus.post(EventBus.java:296) ~[eventbus-6.0.3.jar%2349!/:?]
	at net.minecraftforge.fml.javafmlmod.FMLModContainer.acceptEvent(FMLModContainer.java:114) ~[javafmllanguage-1.19.2-43.4.2.jar%23311!/:?]
	at net.minecraftforge.fml.ModContainer.lambda$buildTransitionHandler$4(ModContainer.java:123) ~[fmlcore-1.19.2-43.4.2.jar%23310!/:?]
	at java.util.concurrent.CompletableFuture$AsyncRun.run(CompletableFuture.java:1804) [?:?]
	at java.util.concurrent.CompletableFuture$AsyncRun.exec(CompletableFuture.java:1796) [?:?]
	at java.util.concurrent.ForkJoinTask.doExec(ForkJoinTask.java:373) [?:?]
	at java.util.concurrent.ForkJoinPool$WorkQueue.topLevelExec(ForkJoinPool.java:1182) [?:?]
	at java.util.concurrent.ForkJoinPool.scan(ForkJoinPool.java:1655) [?:?]
	at java.util.concurrent.ForkJoinPool.runWorker(ForkJoinPool.java:1622) [?:?]
	at java.util.concurrent.ForkJoinWorkerThread.run(ForkJoinWorkerThread.java:165) [?:?]
Caused by: java.lang.ClassNotFoundException: com.simibubi.create.content.contraptions.processing.burner.BlazeBurnerTileEntity
	at jdk.internal.loader.BuiltinClassLoader.loadClass(BuiltinClassLoader.java:641) ~[?:?]
	at java.lang.ClassLoader.loadClass(ClassLoader.java:525) ~[?:?]
	at cpw.mods.cl.ModuleClassLoader.loadClass(ModuleClassLoader.java:137) ~[securejarhandler-2.1.4.jar:?]
	at java.lang.ClassLoader.loadClass(ClassLoader.java:525) ~[?:?]
	at cpw.mods.cl.ModuleClassLoader.loadClass(ModuleClassLoader.java:137) ~[securejarhandler-2.1.4.jar:?]
	at java.lang.ClassLoader.loadClass(ClassLoader.java:525) ~[?:?]
	... 15 more
[09Feb2026 22:58:18.824] [modloading-worker-0/INFO] [Jade/]: Start loading plugin at fr.frinn.custommachinery.forge.integration.jade.CMWailaPlugin
[09Feb2026 22:58:18.825] [modloading-worker-0/INFO] [Jade/]: Start loading plugin at com.supermartijn642.tesseract.integration.TesseractWailaPlugin
[09Feb2026 22:58:18.826] [modloading-worker-0/INFO] [Jade/]: Start loading plugin at mekanism.common.integration.lookingat.jade.MekanismJadePlugin
[09Feb2026 22:58:18.832] [modloading-worker-0/INFO] [Jade/]: Start loading plugin at snownee.jade.addon.vanilla.VanillaPlugin
[09Feb2026 22:58:18.850] [modloading-worker-0/INFO] [Jade/]: Start loading plugin at snownee.jade.addon.universal.UniversalPlugin
[09Feb2026 22:58:18.853] [modloading-worker-0/INFO] [quark/]: Dispatching Module Step LOAD_COMPLETE
[09Feb2026 22:58:18.868] [modloading-worker-0/INFO] [Jade/]: Start loading plugin at snownee.jade.addon.core.CorePlugin
[09Feb2026 22:58:19.096] [Forge Version Check/INFO] [net.minecraftforge.fml.VersionChecker/]: [corpse] Found status: AHEAD Current: 1.19.2-1.0.17 Target: null
[09Feb2026 22:58:19.099] [Forge Version Check/INFO] [net.minecraftforge.fml.VersionChecker/]: [toms_storage] Starting version check at https://raw.githubusercontent.com/tom5454/Toms-Storage/master/version-check.json
[09Feb2026 22:58:19.157] [Forge Version Check/INFO] [net.minecraftforge.fml.VersionChecker/]: [toms_storage] Found status: BETA_OUTDATED Current: 1.5.9 Target: 1.5.11
[09Feb2026 22:58:19.158] [Forge Version Check/INFO] [net.minecraftforge.fml.VersionChecker/]: [fastleafdecay] Starting version check at https://www.olafkeijsers.net/fastleafdecay-update.json
[09Feb2026 22:58:19.303] [main/INFO] [com.mojang.authlib.yggdrasil.YggdrasilAuthenticationService/]: Environment: authHost='https://authserver.mojang.com', accountsHost='https://api.mojang.com', sessionHost='https://sessionserver.mojang.com', servicesHost='https://api.minecraftservices.com', name='PROD'
[09Feb2026 22:58:19.538] [Forge Version Check/WARN] [net.minecraftforge.fml.VersionChecker/]: Failed to process update information
javax.net.ssl.SSLHandshakeException: PKIX path validation failed: java.security.cert.CertPathValidatorException: validity check failed
	at jdk.internal.net.http.HttpClientImpl.send(HttpClientImpl.java:905) ~[java.net.http:?]
	at jdk.internal.net.http.HttpClientFacade.send(HttpClientFacade.java:133) ~[java.net.http:?]
	at net.minecraftforge.fml.VersionChecker$1.openUrlString(VersionChecker.java:139) ~[fmlcore-1.19.2-43.4.2.jar%23310!/:?]
	at net.minecraftforge.fml.VersionChecker$1.process(VersionChecker.java:177) ~[fmlcore-1.19.2-43.4.2.jar%23310!/:?]
	at java.lang.Iterable.forEach(Iterable.java:75) [?:?]
	at net.minecraftforge.fml.VersionChecker$1.run(VersionChecker.java:114) [fmlcore-1.19.2-43.4.2.jar%23310!/:?]
Caused by: javax.net.ssl.SSLHandshakeException: PKIX path validation failed: java.security.cert.CertPathValidatorException: validity check failed
	at sun.security.ssl.Alert.createSSLException(Alert.java:131) ~[?:?]
	at sun.security.ssl.TransportContext.fatal(TransportContext.java:383) ~[?:?]
	at sun.security.ssl.TransportContext.fatal(TransportContext.java:326) ~[?:?]
	at sun.security.ssl.TransportContext.fatal(TransportContext.java:321) ~[?:?]
	at sun.security.ssl.CertificateMessage$T13CertificateConsumer.checkServerCerts(CertificateMessage.java:1294) ~[?:?]
	at sun.security.ssl.CertificateMessage$T13CertificateConsumer.onConsumeCertificate(CertificateMessage.java:1169) ~[?:?]
	at sun.security.ssl.CertificateMessage$T13CertificateConsumer.consume(CertificateMessage.java:1112) ~[?:?]
	at sun.security.ssl.SSLHandshake.consume(SSLHandshake.java:396) ~[?:?]
	at sun.security.ssl.HandshakeContext.dispatch(HandshakeContext.java:481) ~[?:?]
	at sun.security.ssl.SSLEngineImpl$DelegatedTask$DelegatedAction.run(SSLEngineImpl.java:1277) ~[?:?]
	at sun.security.ssl.SSLEngineImpl$DelegatedTask$DelegatedAction.run(SSLEngineImpl.java:1264) ~[?:?]
	at java.security.AccessController.doPrivileged(AccessController.java:712) ~[?:?]
	at sun.security.ssl.SSLEngineImpl$DelegatedTask.run(SSLEngineImpl.java:1209) ~[?:?]
	at java.util.ArrayList.forEach(ArrayList.java:1511) ~[?:?]
	at jdk.internal.net.http.common.SSLFlowDelegate.lambda$executeTasks$3(SSLFlowDelegate.java:1133) ~[java.net.http:?]
	at jdk.internal.net.http.HttpClientImpl$DelegatingExecutor.execute(HttpClientImpl.java:174) ~[java.net.http:?]
	at jdk.internal.net.http.common.SSLFlowDelegate.executeTasks(SSLFlowDelegate.java:1128) ~[java.net.http:?]
	at jdk.internal.net.http.common.SSLFlowDelegate.doHandshake(SSLFlowDelegate.java:1094) ~[java.net.http:?]
	at jdk.internal.net.http.common.SSLFlowDelegate$Reader.processData(SSLFlowDelegate.java:498) ~[java.net.http:?]
	at jdk.internal.net.http.common.SSLFlowDelegate$Reader$ReaderDownstreamPusher.run(SSLFlowDelegate.java:282) ~[java.net.http:?]
	at jdk.internal.net.http.common.SequentialScheduler$LockingRestartableTask.run(SequentialScheduler.java:205) ~[java.net.http:?]
	at jdk.internal.net.http.common.SequentialScheduler$CompleteRestartableTask.run(SequentialScheduler.java:149) ~[java.net.http:?]
	at jdk.internal.net.http.common.SequentialScheduler$TryEndDeferredCompleter.complete(SequentialScheduler.java:347) ~[java.net.http:?]
	at jdk.internal.net.http.common.SequentialScheduler$CompleteRestartableTask.run(SequentialScheduler.java:151) ~[java.net.http:?]
	at jdk.internal.net.http.common.SequentialScheduler$SchedulableTask.run(SequentialScheduler.java:230) ~[java.net.http:?]
	at java.util.concurrent.ThreadPoolExecutor.runWorker(ThreadPoolExecutor.java:1136) ~[?:?]
	at java.util.concurrent.ThreadPoolExecutor$Worker.run(ThreadPoolExecutor.java:635) ~[?:?]
	at java.lang.Thread.run(Thread.java:840) ~[?:?]
Caused by: sun.security.validator.ValidatorException: PKIX path validation failed: java.security.cert.CertPathValidatorException: validity check failed
	at sun.security.validator.PKIXValidator.doValidate(PKIXValidator.java:369) ~[?:?]
	at sun.security.validator.PKIXValidator.engineValidate(PKIXValidator.java:275) ~[?:?]
	at sun.security.validator.Validator.validate(Validator.java:264) ~[?:?]
	at sun.security.ssl.X509TrustManagerImpl.checkTrusted(X509TrustManagerImpl.java:285) ~[?:?]
	at sun.security.ssl.X509TrustManagerImpl.checkServerTrusted(X509TrustManagerImpl.java:144) ~[?:?]
	at sun.security.ssl.CertificateMessage$T13CertificateConsumer.checkServerCerts(CertificateMessage.java:1272) ~[?:?]
	at sun.security.ssl.CertificateMessage$T13CertificateConsumer.onConsumeCertificate(CertificateMessage.java:1169) ~[?:?]
	at sun.security.ssl.CertificateMessage$T13CertificateConsumer.consume(CertificateMessage.java:1112) ~[?:?]
	at sun.security.ssl.SSLHandshake.consume(SSLHandshake.java:396) ~[?:?]
	at sun.security.ssl.HandshakeContext.dispatch(HandshakeContext.java:481) ~[?:?]
	at sun.security.ssl.SSLEngineImpl$DelegatedTask$DelegatedAction.run(SSLEngineImpl.java:1277) ~[?:?]
	at sun.security.ssl.SSLEngineImpl$DelegatedTask$DelegatedAction.run(SSLEngineImpl.java:1264) ~[?:?]
	at java.security.AccessController.doPrivileged(AccessController.java:712) ~[?:?]
	at sun.security.ssl.SSLEngineImpl$DelegatedTask.run(SSLEngineImpl.java:1209) ~[?:?]
	at java.util.ArrayList.forEach(ArrayList.java:1511) ~[?:?]
	at jdk.internal.net.http.common.SSLFlowDelegate.lambda$executeTasks$3(SSLFlowDelegate.java:1133) ~[java.net.http:?]
	at jdk.internal.net.http.HttpClientImpl$DelegatingExecutor.execute(HttpClientImpl.java:174) ~[java.net.http:?]
	at jdk.internal.net.http.common.SSLFlowDelegate.executeTasks(SSLFlowDelegate.java:1128) ~[java.net.http:?]
	at jdk.internal.net.http.common.SSLFlowDelegate.doHandshake(SSLFlowDelegate.java:1094) ~[java.net.http:?]
	at jdk.internal.net.http.common.SSLFlowDelegate$Reader.processData(SSLFlowDelegate.java:498) ~[java.net.http:?]
	at jdk.internal.net.http.common.SSLFlowDelegate$Reader$ReaderDownstreamPusher.run(SSLFlowDelegate.java:282) ~[java.net.http:?]
	at jdk.internal.net.http.common.SequentialScheduler$LockingRestartableTask.run(SequentialScheduler.java:205) ~[java.net.http:?]
	at jdk.internal.net.http.common.SequentialScheduler$CompleteRestartableTask.run(SequentialScheduler.java:149) ~[java.net.http:?]
	at jdk.internal.net.http.common.SequentialScheduler$TryEndDeferredCompleter.complete(SequentialScheduler.java:347) ~[java.net.http:?]
	at jdk.internal.net.http.common.SequentialScheduler$CompleteRestartableTask.run(SequentialScheduler.java:151) ~[java.net.http:?]
	at jdk.internal.net.http.common.SequentialScheduler$SchedulableTask.run(SequentialScheduler.java:230) ~[java.net.http:?]
	at java.util.concurrent.ThreadPoolExecutor.runWorker(ThreadPoolExecutor.java:1136) ~[?:?]
	at java.util.concurrent.ThreadPoolExecutor$Worker.run(ThreadPoolExecutor.java:635) ~[?:?]
	at java.lang.Thread.run(Thread.java:840) ~[?:?]
Caused by: java.security.cert.CertPathValidatorException: validity check failed
	at sun.security.provider.certpath.PKIXMasterCertPathValidator.validate(PKIXMasterCertPathValidator.java:135) ~[?:?]
	at sun.security.provider.certpath.PKIXCertPathValidator.validate(PKIXCertPathValidator.java:224) ~[?:?]
	at sun.security.provider.certpath.PKIXCertPathValidator.validate(PKIXCertPathValidator.java:144) ~[?:?]
	at sun.security.provider.certpath.PKIXCertPathValidator.engineValidate(PKIXCertPathValidator.java:83) ~[?:?]
	at java.security.cert.CertPathValidator.validate(CertPathValidator.java:309) ~[?:?]
	at sun.security.validator.PKIXValidator.doValidate(PKIXValidator.java:364) ~[?:?]
	at sun.security.validator.PKIXValidator.engineValidate(PKIXValidator.java:275) ~[?:?]
	at sun.security.validator.Validator.validate(Validator.java:264) ~[?:?]
	at sun.security.ssl.X509TrustManagerImpl.checkTrusted(X509TrustManagerImpl.java:285) ~[?:?]
	at sun.security.ssl.X509TrustManagerImpl.checkServerTrusted(X509TrustManagerImpl.java:144) ~[?:?]
	at sun.security.ssl.CertificateMessage$T13CertificateConsumer.checkServerCerts(CertificateMessage.java:1272) ~[?:?]
	at sun.security.ssl.CertificateMessage$T13CertificateConsumer.onConsumeCertificate(CertificateMessage.java:1169) ~[?:?]
	at sun.security.ssl.CertificateMessage$T13CertificateConsumer.consume(CertificateMessage.java:1112) ~[?:?]
	at sun.security.ssl.SSLHandshake.consume(SSLHandshake.java:396) ~[?:?]
	at sun.security.ssl.HandshakeContext.dispatch(HandshakeContext.java:481) ~[?:?]
	at sun.security.ssl.SSLEngineImpl$DelegatedTask$DelegatedAction.run(SSLEngineImpl.java:1277) ~[?:?]
	at sun.security.ssl.SSLEngineImpl$DelegatedTask$DelegatedAction.run(SSLEngineImpl.java:1264) ~[?:?]
	at java.security.AccessController.doPrivileged(AccessController.java:712) ~[?:?]
	at sun.security.ssl.SSLEngineImpl$DelegatedTask.run(SSLEngineImpl.java:1209) ~[?:?]
	at java.util.ArrayList.forEach(ArrayList.java:1511) ~[?:?]
	at jdk.internal.net.http.common.SSLFlowDelegate.lambda$executeTasks$3(SSLFlowDelegate.java:1133) ~[java.net.http:?]
	at jdk.internal.net.http.HttpClientImpl$DelegatingExecutor.execute(HttpClientImpl.java:174) ~[java.net.http:?]
	at jdk.internal.net.http.common.SSLFlowDelegate.executeTasks(SSLFlowDelegate.java:1128) ~[java.net.http:?]
	at jdk.internal.net.http.common.SSLFlowDelegate.doHandshake(SSLFlowDelegate.java:1094) ~[java.net.http:?]
	at jdk.internal.net.http.common.SSLFlowDelegate$Reader.processData(SSLFlowDelegate.java:498) ~[java.net.http:?]
	at jdk.internal.net.http.common.SSLFlowDelegate$Reader$ReaderDownstreamPusher.run(SSLFlowDelegate.java:282) ~[java.net.http:?]
	at jdk.internal.net.http.common.SequentialScheduler$LockingRestartableTask.run(SequentialScheduler.java:205) ~[java.net.http:?]
	at jdk.internal.net.http.common.SequentialScheduler$CompleteRestartableTask.run(SequentialScheduler.java:149) ~[java.net.http:?]
	at jdk.internal.net.http.common.SequentialScheduler$TryEndDeferredCompleter.complete(SequentialScheduler.java:347) ~[java.net.http:?]
	at jdk.internal.net.http.common.SequentialScheduler$CompleteRestartableTask.run(SequentialScheduler.java:151) ~[java.net.http:?]
	at jdk.internal.net.http.common.SequentialScheduler$SchedulableTask.run(SequentialScheduler.java:230) ~[java.net.http:?]
	at java.util.concurrent.ThreadPoolExecutor.runWorker(ThreadPoolExecutor.java:1136) ~[?:?]
	at java.util.concurrent.ThreadPoolExecutor$Worker.run(ThreadPoolExecutor.java:635) ~[?:?]
	at java.lang.Thread.run(Thread.java:840) ~[?:?]
Caused by: java.security.cert.CertificateExpiredException: NotAfter: Sun Dec 21 23:48:07 UTC 2025
	at sun.security.x509.CertificateValidity.valid(CertificateValidity.java:274) ~[?:?]
	at sun.security.x509.X509CertImpl.checkValidity(X509CertImpl.java:621) ~[?:?]
	at sun.security.provider.certpath.BasicChecker.verifyValidity(BasicChecker.java:190) ~[?:?]
	at sun.security.provider.certpath.BasicChecker.check(BasicChecker.java:144) ~[?:?]
	at sun.security.provider.certpath.PKIXMasterCertPathValidator.validate(PKIXMasterCertPathValidator.java:125) ~[?:?]
	at sun.security.provider.certpath.PKIXCertPathValidator.validate(PKIXCertPathValidator.java:224) ~[?:?]
	at sun.security.provider.certpath.PKIXCertPathValidator.validate(PKIXCertPathValidator.java:144) ~[?:?]
	at sun.security.provider.certpath.PKIXCertPathValidator.engineValidate(PKIXCertPathValidator.java:83) ~[?:?]
	at java.security.cert.CertPathValidator.validate(CertPathValidator.java:309) ~[?:?]
	at sun.security.validator.PKIXValidator.doValidate(PKIXValidator.java:364) ~[?:?]
	at sun.security.validator.PKIXValidator.engineValidate(PKIXValidator.java:275) ~[?:?]
	at sun.security.validator.Validator.validate(Validator.java:264) ~[?:?]
	at sun.security.ssl.X509TrustManagerImpl.checkTrusted(X509TrustManagerImpl.java:285) ~[?:?]
	at sun.security.ssl.X509TrustManagerImpl.checkServerTrusted(X509TrustManagerImpl.java:144) ~[?:?]
	at sun.security.ssl.CertificateMessage$T13CertificateConsumer.checkServerCerts(CertificateMessage.java:1272) ~[?:?]
	at sun.security.ssl.CertificateMessage$T13CertificateConsumer.onConsumeCertificate(CertificateMessage.java:1169) ~[?:?]
	at sun.security.ssl.CertificateMessage$T13CertificateConsumer.consume(CertificateMessage.java:1112) ~[?:?]
	at sun.security.ssl.SSLHandshake.consume(SSLHandshake.java:396) ~[?:?]
	at sun.security.ssl.HandshakeContext.dispatch(HandshakeContext.java:481) ~[?:?]
	at sun.security.ssl.SSLEngineImpl$DelegatedTask$DelegatedAction.run(SSLEngineImpl.java:1277) ~[?:?]
	at sun.security.ssl.SSLEngineImpl$DelegatedTask$DelegatedAction.run(SSLEngineImpl.java:1264) ~[?:?]
	at java.security.AccessController.doPrivileged(AccessController.java:712) ~[?:?]
	at sun.security.ssl.SSLEngineImpl$DelegatedTask.run(SSLEngineImpl.java:1209) ~[?:?]
	at java.util.ArrayList.forEach(ArrayList.java:1511) ~[?:?]
	at jdk.internal.net.http.common.SSLFlowDelegate.lambda$executeTasks$3(SSLFlowDelegate.java:1133) ~[java.net.http:?]
	at jdk.internal.net.http.HttpClientImpl$DelegatingExecutor.execute(HttpClientImpl.java:174) ~[java.net.http:?]
	at jdk.internal.net.http.common.SSLFlowDelegate.executeTasks(SSLFlowDelegate.java:1128) ~[java.net.http:?]
	at jdk.internal.net.http.common.SSLFlowDelegate.doHandshake(SSLFlowDelegate.java:1094) ~[java.net.http:?]
	at jdk.internal.net.http.common.SSLFlowDelegate$Reader.processData(SSLFlowDelegate.java:498) ~[java.net.http:?]
	at jdk.internal.net.http.common.SSLFlowDelegate$Reader$ReaderDownstreamPusher.run(SSLFlowDelegate.java:282) ~[java.net.http:?]
	at jdk.internal.net.http.common.SequentialScheduler$LockingRestartableTask.run(SequentialScheduler.java:205) ~[java.net.http:?]
	at jdk.internal.net.http.common.SequentialScheduler$CompleteRestartableTask.run(SequentialScheduler.java:149) ~[java.net.http:?]
	at jdk.internal.net.http.common.SequentialScheduler$TryEndDeferredCompleter.complete(SequentialScheduler.java:347) ~[java.net.http:?]
	at jdk.internal.net.http.common.SequentialScheduler$CompleteRestartableTask.run(SequentialScheduler.java:151) ~[java.net.http:?]
	at jdk.internal.net.http.common.SequentialScheduler$SchedulableTask.run(SequentialScheduler.java:230) ~[java.net.http:?]
	at java.util.concurrent.ThreadPoolExecutor.runWorker(ThreadPoolExecutor.java:1136) ~[?:?]
	at java.util.concurrent.ThreadPoolExecutor$Worker.run(ThreadPoolExecutor.java:635) ~[?:?]
	at java.lang.Thread.run(Thread.java:840) ~[?:?]
[09Feb2026 22:58:19.545] [Forge Version Check/INFO] [net.minecraftforge.fml.VersionChecker/]: [enchantinginfuser] Starting version check at https://raw.githubusercontent.com/Fuzss/modresources/main/update/enchantinginfuser.json
[09Feb2026 22:58:19.564] [Forge Version Check/INFO] [net.minecraftforge.fml.VersionChecker/]: [enchantinginfuser] Found status: UP_TO_DATE Current: 4.2.2 Target: null
[09Feb2026 22:58:19.565] [Forge Version Check/INFO] [net.minecraftforge.fml.VersionChecker/]: [clumps] Starting version check at https://updates.blamejared.com/get?n=clumps&gv=1.19.2
[09Feb2026 22:58:19.666] [Forge Version Check/INFO] [net.minecraftforge.fml.VersionChecker/]: [clumps] Found status: BETA Current: 9.0.0+14 Target: 9.0.0+14
[09Feb2026 22:58:19.666] [Forge Version Check/INFO] [net.minecraftforge.fml.VersionChecker/]: [forge] Starting version check at https://files.minecraftforge.net/net/minecraftforge/forge/promotions_slim.json
[09Feb2026 22:58:19.795] [Forge Version Check/INFO] [net.minecraftforge.fml.VersionChecker/]: [forge] Found status: OUTDATED Current: 43.4.2 Target: 43.5.0
[09Feb2026 22:58:19.796] [Forge Version Check/INFO] [net.minecraftforge.fml.VersionChecker/]: [cofh_core] Starting version check at https://raw.github.com/cofh/version/main/cofh_core/update.json
[09Feb2026 22:58:19.849] [Forge Version Check/INFO] [net.minecraftforge.fml.VersionChecker/]: [cofh_core] Found status: OUTDATED Current: 10.2.1 Target: 10.3.0
[09Feb2026 22:58:19.849] [Forge Version Check/INFO] [net.minecraftforge.fml.VersionChecker/]: [thermal] Starting version check at https://raw.github.com/cofh/version/master/thermal/update.json
[09Feb2026 22:58:19.884] [Forge Version Check/INFO] [net.minecraftforge.fml.VersionChecker/]: [thermal] Found status: OUTDATED Current: 10.2.0.5 Target: 10.3.0
[09Feb2026 22:58:19.884] [Forge Version Check/INFO] [net.minecraftforge.fml.VersionChecker/]: [thermal_integration] Starting version check at https://raw.github.com/cofh/version/master/thermal/update_integration.json
[09Feb2026 22:58:19.951] [Forge Version Check/INFO] [net.minecraftforge.fml.VersionChecker/]: [thermal_integration] Found status: OUTDATED Current: 10.2.0.17 Target: 10.3.0
[09Feb2026 22:58:19.951] [Forge Version Check/INFO] [net.minecraftforge.fml.VersionChecker/]: [thermal_innovation] Starting version check at https://raw.github.com/cofh/version/master/thermal/update_innovation.json
[09Feb2026 22:58:20.013] [Forge Version Check/INFO] [net.minecraftforge.fml.VersionChecker/]: [thermal_innovation] Found status: OUTDATED Current: 10.2.0.18 Target: 10.3.0
[09Feb2026 22:58:20.014] [Forge Version Check/INFO] [net.minecraftforge.fml.VersionChecker/]: [thermal_foundation] Starting version check at https://raw.github.com/cofh/version/master/thermal/update_foundation.json
[09Feb2026 22:58:20.079] [main/WARN] [mixin/]: Static binding violation: PRIVATE @Overwrite method m_215924_ in modernfix-forge.mixins.json:perf.tag_id_caching.TagEntryMixin cannot reduce visibiliy of PUBLIC target method, visibility will be upgraded.
[09Feb2026 22:58:20.092] [Forge Version Check/INFO] [net.minecraftforge.fml.VersionChecker/]: [thermal_foundation] Found status: OUTDATED Current: 10.2.0.47 Target: 10.3.0
[09Feb2026 22:58:20.092] [Forge Version Check/INFO] [net.minecraftforge.fml.VersionChecker/]: [thermal_expansion] Starting version check at https://raw.github.com/cofh/version/master/thermal/update_expansion.json
[09Feb2026 22:58:20.158] [Forge Version Check/INFO] [net.minecraftforge.fml.VersionChecker/]: [thermal_expansion] Found status: OUTDATED Current: 10.2.0.21 Target: 10.3.0
[09Feb2026 22:58:20.158] [Forge Version Check/INFO] [net.minecraftforge.fml.VersionChecker/]: [trade_cycling] Starting version check at https://maxhenkel.de/update/trade_cycling.json
[09Feb2026 22:58:20.705] [Forge Version Check/INFO] [net.minecraftforge.fml.VersionChecker/]: [trade_cycling] Found status: UP_TO_DATE Current: 1.19.2-1.0.5 Target: null
[09Feb2026 22:58:20.705] [Forge Version Check/INFO] [net.minecraftforge.fml.VersionChecker/]: [moonlight] Starting version check at https://raw.githubusercontent.com/MehVahdJukaar/Moonlight/multi-loader/forge/update.json
[09Feb2026 22:58:20.725] [Forge Version Check/INFO] [net.minecraftforge.fml.VersionChecker/]: [moonlight] Found status: OUTDATED Current: 1.19.2-2.2.32 Target: 1.19.2-2.3.7
[09Feb2026 22:58:20.725] [Forge Version Check/INFO] [net.minecraftforge.fml.VersionChecker/]: [flywheel] Starting version check at https://api.modrinth.com/updates/flywheel/forge_updates.json
[09Feb2026 22:58:20.795] [Forge Version Check/INFO] [net.minecraftforge.fml.VersionChecker/]: [flywheel] Found status: AHEAD Current: 0.6.9-18 Target: null
[09Feb2026 22:58:20.795] [Forge Version Check/INFO] [net.minecraftforge.fml.VersionChecker/]: [canary] Starting version check at https://github.com/AbdElAziz333/Canary/raw/mc1.19.2/dev/updates.json
[09Feb2026 22:58:21.108] [main/INFO] [KubeJS Server/]: server_scripts:added_recipes.js:3: Just Monika.
[09Feb2026 22:58:21.109] [main/INFO] [KubeJS Server/]: Loaded script server_scripts:added_recipes.js in 0.038 s
[09Feb2026 22:58:21.113] [main/INFO] [KubeJS Server/]: Loaded script server_scripts:tags.js in 0.004 s
[09Feb2026 22:58:21.116] [main/INFO] [KubeJS Server/]: Loaded script server_scripts:extra_integration.js in 0.003 s
[09Feb2026 22:58:21.122] [Forge Version Check/WARN] [net.minecraftforge.fml.VersionChecker/]: Failed to process update information
com.google.gson.JsonSyntaxException: java.lang.IllegalStateException: Expected BEGIN_OBJECT but was STRING at line 9 column 1 path $
	at com.google.gson.Gson.fromJson(Gson.java:975) ~[gson-2.8.9.jar%2368!/:?]
	at com.google.gson.Gson.fromJson(Gson.java:928) ~[gson-2.8.9.jar%2368!/:?]
	at com.google.gson.Gson.fromJson(Gson.java:877) ~[gson-2.8.9.jar%2368!/:?]
	at com.google.gson.Gson.fromJson(Gson.java:848) ~[gson-2.8.9.jar%2368!/:?]
	at net.minecraftforge.fml.VersionChecker$1.process(VersionChecker.java:183) ~[fmlcore-1.19.2-43.4.2.jar%23310!/:?]
	at java.lang.Iterable.forEach(Iterable.java:75) [?:?]
	at net.minecraftforge.fml.VersionChecker$1.run(VersionChecker.java:114) [fmlcore-1.19.2-43.4.2.jar%23310!/:?]
Caused by: java.lang.IllegalStateException: Expected BEGIN_OBJECT but was STRING at line 9 column 1 path $
	at com.google.gson.stream.JsonReader.beginObject(JsonReader.java:384) ~[gson-2.8.9.jar%2368!/:?]
	at com.google.gson.internal.bind.MapTypeAdapterFactory$Adapter.read(MapTypeAdapterFactory.java:183) ~[gson-2.8.9.jar%2368!/:?]
	at com.google.gson.internal.bind.MapTypeAdapterFactory$Adapter.read(MapTypeAdapterFactory.java:145) ~[gson-2.8.9.jar%2368!/:?]
	at com.google.gson.Gson.fromJson(Gson.java:963) ~[gson-2.8.9.jar%2368!/:?]
	... 6 more
[09Feb2026 22:58:21.126] [Forge Version Check/INFO] [net.minecraftforge.fml.VersionChecker/]: [puzzleslib] Starting version check at https://raw.githubusercontent.com/Fuzss/modresources/main/update/puzzleslib.json
[09Feb2026 22:58:21.138] [Forge Version Check/INFO] [net.minecraftforge.fml.VersionChecker/]: [puzzleslib] Found status: OUTDATED Current: 4.4.0 Target: 4.4.3
[09Feb2026 22:58:21.149] [main/INFO] [KubeJS Server/]: Loaded script server_scripts:removed_recipes.js in 0.029 s
[09Feb2026 22:58:21.151] [main/INFO] [KubeJS Server/]: Loaded script server_scripts:scripts.js in 0.002 s
[09Feb2026 22:58:21.157] [main/INFO] [KubeJS Server/]: Loaded script server_scripts:sequenced_assemblies.js in 0.006 s
[09Feb2026 22:58:21.159] [main/INFO] [KubeJS Server/]: Loaded 6/6 KubeJS server scripts in 0.114 s
[09Feb2026 22:58:21.159] [main/INFO] [KubeJS Server/]: Scripts loaded
[09Feb2026 22:58:21.170] [main/INFO] [KubeJS Server/]: Initializing recipe event...
[09Feb2026 22:58:24.278] [Worker-Main-2/INFO] [KubeJS Server/]: [minecraft:fluid] Found 54 tags, added 1 objects, removed 8 objects
[09Feb2026 22:58:24.653] [Worker-Main-2/INFO] [KubeJS Server/]: [minecraft:item] Found 1210 tags, added 3 objects, removed 1 objects
[09Feb2026 22:58:25.026] [Worker-Main-2/ERROR] [net.minecraft.server.packs.resources.SimpleJsonResourceReloadListener/]: Couldn't parse data file immersive_aircraft:airship from immersive_aircraft:recipes/airship.json
com.google.gson.JsonParseException: java.io.EOFException: End of input at line 1 column 1 path $
	at net.minecraft.util.GsonHelper.m_13780_(GsonHelper.java:512) ~[server-1.19.2-20220805.130853-srg.jar%23309!/:?]
	at net.minecraft.util.GsonHelper.m_13776_(GsonHelper.java:549) ~[server-1.19.2-20220805.130853-srg.jar%23309!/:?]
	at net.minecraft.server.packs.resources.SimpleJsonResourceReloadListener.m_5944_(SimpleJsonResourceReloadListener.java:43) ~[server-1.19.2-20220805.130853-srg.jar%23309!/:?]
	at net.minecraft.server.packs.resources.SimpleJsonResourceReloadListener.m_5944_(SimpleJsonResourceReloadListener.java:16) ~[server-1.19.2-20220805.130853-srg.jar%23309!/:?]
	at net.minecraft.server.packs.resources.SimplePreparableReloadListener.m_10786_(SimplePreparableReloadListener.java:11) ~[server-1.19.2-20220805.130853-srg.jar%23309!/:?]
	at java.util.concurrent.CompletableFuture$AsyncSupply.run(CompletableFuture.java:1768) [?:?]
	at java.util.concurrent.CompletableFuture$AsyncSupply.exec(CompletableFuture.java:1760) [?:?]
	at java.util.concurrent.ForkJoinTask.doExec(ForkJoinTask.java:373) [?:?]
	at java.util.concurrent.ForkJoinPool$WorkQueue.topLevelExec(ForkJoinPool.java:1182) [?:?]
	at java.util.concurrent.ForkJoinPool.scan(ForkJoinPool.java:1655) [?:?]
	at java.util.concurrent.ForkJoinPool.runWorker(ForkJoinPool.java:1622) [?:?]
	at java.util.concurrent.ForkJoinWorkerThread.run(ForkJoinWorkerThread.java:165) [?:?]
Caused by: java.io.EOFException: End of input at line 1 column 1 path $
	at com.google.gson.stream.JsonReader.nextNonWhitespace(JsonReader.java:1395) ~[gson-2.8.9.jar%2368!/:?]
	at com.google.gson.stream.JsonReader.doPeek(JsonReader.java:548) ~[gson-2.8.9.jar%2368!/:?]
	at com.google.gson.stream.JsonReader.peek(JsonReader.java:424) ~[gson-2.8.9.jar%2368!/:?]
	at com.google.gson.internal.bind.TypeAdapters$27.read(TypeAdapters.java:661) ~[gson-2.8.9.jar%2368!/:?]
	at com.google.gson.internal.bind.TypeAdapters$27.read(TypeAdapters.java:655) ~[gson-2.8.9.jar%2368!/:?]
	at com.google.gson.internal.bind.TypeAdapters$33$1.read(TypeAdapters.java:866) ~[gson-2.8.9.jar%2368!/:?]
	at net.minecraft.util.GsonHelper.m_13780_(GsonHelper.java:510) ~[server-1.19.2-20220805.130853-srg.jar%23309!/:?]
	... 11 more
[09Feb2026 22:58:25.034] [Worker-Main-2/ERROR] [net.minecraft.server.packs.resources.SimpleJsonResourceReloadListener/]: Couldn't parse data file immersive_aircraft:biplane from immersive_aircraft:recipes/biplane.json
com.google.gson.JsonParseException: java.io.EOFException: End of input at line 1 column 1 path $
	at net.minecraft.util.GsonHelper.m_13780_(GsonHelper.java:512) ~[server-1.19.2-20220805.130853-srg.jar%23309!/:?]
	at net.minecraft.util.GsonHelper.m_13776_(GsonHelper.java:549) ~[server-1.19.2-20220805.130853-srg.jar%23309!/:?]
	at net.minecraft.server.packs.resources.SimpleJsonResourceReloadListener.m_5944_(SimpleJsonResourceReloadListener.java:43) ~[server-1.19.2-20220805.130853-srg.jar%23309!/:?]
	at net.minecraft.server.packs.resources.SimpleJsonResourceReloadListener.m_5944_(SimpleJsonResourceReloadListener.java:16) ~[server-1.19.2-20220805.130853-srg.jar%23309!/:?]
	at net.minecraft.server.packs.resources.SimplePreparableReloadListener.m_10786_(SimplePreparableReloadListener.java:11) ~[server-1.19.2-20220805.130853-srg.jar%23309!/:?]
	at java.util.concurrent.CompletableFuture$AsyncSupply.run(CompletableFuture.java:1768) [?:?]
	at java.util.concurrent.CompletableFuture$AsyncSupply.exec(CompletableFuture.java:1760) [?:?]
	at java.util.concurrent.ForkJoinTask.doExec(ForkJoinTask.java:373) [?:?]
	at java.util.concurrent.ForkJoinPool$WorkQueue.topLevelExec(ForkJoinPool.java:1182) [?:?]
	at java.util.concurrent.ForkJoinPool.scan(ForkJoinPool.java:1655) [?:?]
	at java.util.concurrent.ForkJoinPool.runWorker(ForkJoinPool.java:1622) [?:?]
	at java.util.concurrent.ForkJoinWorkerThread.run(ForkJoinWorkerThread.java:165) [?:?]
Caused by: java.io.EOFException: End of input at line 1 column 1 path $
	at com.google.gson.stream.JsonReader.nextNonWhitespace(JsonReader.java:1395) ~[gson-2.8.9.jar%2368!/:?]
	at com.google.gson.stream.JsonReader.doPeek(JsonReader.java:548) ~[gson-2.8.9.jar%2368!/:?]
	at com.google.gson.stream.JsonReader.peek(JsonReader.java:424) ~[gson-2.8.9.jar%2368!/:?]
	at com.google.gson.internal.bind.TypeAdapters$27.read(TypeAdapters.java:661) ~[gson-2.8.9.jar%2368!/:?]
	at com.google.gson.internal.bind.TypeAdapters$27.read(TypeAdapters.java:655) ~[gson-2.8.9.jar%2368!/:?]
	at com.google.gson.internal.bind.TypeAdapters$33$1.read(TypeAdapters.java:866) ~[gson-2.8.9.jar%2368!/:?]
	at net.minecraft.util.GsonHelper.m_13780_(GsonHelper.java:510) ~[server-1.19.2-20220805.130853-srg.jar%23309!/:?]
	... 11 more
[09Feb2026 22:58:26.244] [main/INFO] [thelm.jaopca.data.DataInjector/]: Injected 330 recipes, 12119 recipes total
[09Feb2026 22:58:26.244] [main/INFO] [KubeJS Server/]: Processing recipes...
[09Feb2026 22:58:26.443] [main/WARN] [KubeJS Server/]: Failed to parse recipe 'thermal:compat/create/pulverizer_create_veridium[thermal:pulverizer]'! Falling back to vanilla: java.lang.NullPointerException: Cannot invoke "com.google.gson.JsonElement.getAsString()" because the return value of "com.google.gson.JsonObject.get(String)" is null
[09Feb2026 22:58:26.470] [main/WARN] [KubeJS Server/]: Failed to parse recipe 'thermal:compat/create/pulverizer_create_veridium_recycle[thermal:pulverizer_recycle]'! Falling back to vanilla: java.lang.NullPointerException: Cannot invoke "com.google.gson.JsonElement.getAsString()" because the return value of "com.google.gson.JsonObject.get(String)" is null
[09Feb2026 22:58:26.515] [main/WARN] [KubeJS Server/]: Failed to parse recipe 'thermal:compat/create/pulverizer_create_ochrum_recycle[thermal:pulverizer_recycle]'! Falling back to vanilla: java.lang.NullPointerException: Cannot invoke "com.google.gson.JsonElement.getAsString()" because the return value of "com.google.gson.JsonObject.get(String)" is null
[09Feb2026 22:58:26.547] [main/WARN] [KubeJS Server/]: Failed to parse recipe 'thermal:compat/create/pulverizer_create_crimsite_recycle[thermal:pulverizer_recycle]'! Falling back to vanilla: java.lang.NullPointerException: Cannot invoke "com.google.gson.JsonElement.getAsString()" because the return value of "com.google.gson.JsonObject.get(String)" is null
[09Feb2026 22:58:26.553] [main/WARN] [KubeJS Server/]: Failed to parse recipe 'thermal:compat/create/pulverizer_create_asurine[thermal:pulverizer]'! Falling back to vanilla: java.lang.NullPointerException: Cannot invoke "com.google.gson.JsonElement.getAsString()" because the return value of "com.google.gson.JsonObject.get(String)" is null
[09Feb2026 22:58:26.602] [main/WARN] [KubeJS Server/]: Failed to parse recipe 'thermal:compat/create/pulverizer_create_zinc_ore[thermal:pulverizer]'! Falling back to vanilla: java.lang.NullPointerException: Cannot invoke "com.google.gson.JsonElement.getAsString()" because the return value of "com.google.gson.JsonObject.get(String)" is null
[09Feb2026 22:58:26.604] [main/WARN] [KubeJS Server/]: Failed to parse recipe 'thermal:compat/create/pulverizer_create_ochrum[thermal:pulverizer]'! Falling back to vanilla: java.lang.NullPointerException: Cannot invoke "com.google.gson.JsonElement.getAsString()" because the return value of "com.google.gson.JsonObject.get(String)" is null
[09Feb2026 22:58:26.605] [main/WARN] [KubeJS Server/]: Failed to parse recipe 'thermal:compat/create/pulverizer_create_crimsite[thermal:pulverizer]'! Falling back to vanilla: java.lang.NullPointerException: Cannot invoke "com.google.gson.JsonElement.getAsString()" because the return value of "com.google.gson.JsonObject.get(String)" is null
[09Feb2026 22:58:26.607] [main/WARN] [KubeJS Server/]: Failed to parse recipe 'create:mixing/mud_by_mixing[create:mixing]'! Falling back to vanilla: com.google.gson.JsonSyntaxException: Invalid fluid ingredient: {"type":"create:block_tag_ingredient","tag":"minecraft:convertable_to_mud"}
[09Feb2026 22:58:26.612] [main/WARN] [KubeJS Server/]: Failed to parse recipe 'thermal:compat/create/pulverizer_create_asurine_recycle[thermal:pulverizer_recycle]'! Falling back to vanilla: java.lang.NullPointerException: Cannot invoke "com.google.gson.JsonElement.getAsString()" because the return value of "com.google.gson.JsonObject.get(String)" is null
[09Feb2026 22:58:26.622] [main/INFO] [KubeJS Server/]: Found 8360 recipes in 376.0 ms
[09Feb2026 22:58:27.387] [main/INFO] [KubeJS Server/]: Posted recipe events in 764.6 ms
[09Feb2026 22:58:27.461] [KubeJS Recipe Event Worker 0/WARN] [com.simibubi.create.Create/]: Your custom create:compacting recipe (create_ultimate_factory:compacting_tuff) has more item inputs (16) than supported (9).
[09Feb2026 22:58:27.519] [KubeJS Recipe Event Worker 0/WARN] [com.simibubi.create.Create/]: Your custom create:compacting recipe (create_ultimate_factory:f_compacting_veridium) has more item inputs (17) than supported (9).
[09Feb2026 22:58:27.611] [KubeJS Recipe Event Worker 0/WARN] [KubeJS Server/]: Duplicate recipe for id create:kjs_1cq383lfhik0zxyr9nl9iod8t! Using last one encountered.
[09Feb2026 22:58:27.611] [KubeJS Recipe Event Worker 0/WARN] [KubeJS Server/]: You might want to check your scripts for errors.
[09Feb2026 22:58:27.630] [main/INFO] [KubeJS Server/]: Added 217 recipes, removed 327 recipes, modified 1 recipes, with 0 failed recipes in 234.0 ms
[09Feb2026 22:58:27.630] [main/INFO] [ModernFix/]: Clearing KubeJS recipe lists...
[09Feb2026 22:58:28.001] [main/INFO] [placebo/]: Registered 0 additional loot tables.
[09Feb2026 22:58:28.004] [main/ERROR] [net.minecraft.server.ServerFunctionLibrary/]: Failed to load function dynamiclights:internal/sources/parse/extension_1194
java.util.concurrent.CompletionException: java.lang.IllegalArgumentException: Whilst parsing command on line 3: Invalid or unknown entity type 'minecraft:item_display' at position 19: ...s @s[type=<--[HERE]
	at java.util.concurrent.CompletableFuture.encodeThrowable(CompletableFuture.java:315) ~[?:?]
	at java.util.concurrent.CompletableFuture.completeThrowable(CompletableFuture.java:320) ~[?:?]
	at java.util.concurrent.CompletableFuture$AsyncSupply.run(CompletableFuture.java:1770) ~[?:?]
	at java.util.concurrent.CompletableFuture$AsyncSupply.exec(CompletableFuture.java:1760) ~[?:?]
	at java.util.concurrent.ForkJoinTask.doExec(ForkJoinTask.java:373) ~[?:?]
	at java.util.concurrent.ForkJoinPool$WorkQueue.topLevelExec(ForkJoinPool.java:1182) ~[?:?]
	at java.util.concurrent.ForkJoinPool.scan(ForkJoinPool.java:1655) ~[?:?]
	at java.util.concurrent.ForkJoinPool.runWorker(ForkJoinPool.java:1622) ~[?:?]
	at java.util.concurrent.ForkJoinWorkerThread.run(ForkJoinWorkerThread.java:165) ~[?:?]
Caused by: java.lang.IllegalArgumentException: Whilst parsing command on line 3: Invalid or unknown entity type 'minecraft:item_display' at position 19: ...s @s[type=<--[HERE]
	at net.minecraft.commands.CommandFunction.m_77984_(CommandFunction.java:63) ~[server-1.19.2-20220805.130853-srg.jar%23309!/:?]
	at net.minecraft.server.ServerFunctionLibrary.m_214320_(ServerFunctionLibrary.java:85) ~[server-1.19.2-20220805.130853-srg.jar%23309!/:?]
	at java.util.concurrent.CompletableFuture$AsyncSupply.run(CompletableFuture.java:1768) ~[?:?]
	... 6 more
[09Feb2026 22:58:28.005] [main/ERROR] [net.minecraft.server.ServerFunctionLibrary/]: Failed to load function dynamiclights:internal/water/rain_check_1194
java.util.concurrent.CompletionException: java.lang.IllegalArgumentException: Whilst parsing command on line 4: Incorrect argument for command at position 11: ...xecute if <--[HERE]
	at java.util.concurrent.CompletableFuture.encodeThrowable(CompletableFuture.java:315) ~[?:?]
	at java.util.concurrent.CompletableFuture.completeThrowable(CompletableFuture.java:320) ~[?:?]
	at java.util.concurrent.CompletableFuture$AsyncSupply.run(CompletableFuture.java:1770) ~[?:?]
	at java.util.concurrent.CompletableFuture$AsyncSupply.exec(CompletableFuture.java:1760) ~[?:?]
	at java.util.concurrent.ForkJoinTask.doExec(ForkJoinTask.java:373) ~[?:?]
	at java.util.concurrent.ForkJoinPool$WorkQueue.topLevelExec(ForkJoinPool.java:1182) ~[?:?]
	at java.util.concurrent.ForkJoinPool.scan(ForkJoinPool.java:1655) ~[?:?]
	at java.util.concurrent.ForkJoinPool.runWorker(ForkJoinPool.java:1622) ~[?:?]
	at java.util.concurrent.ForkJoinWorkerThread.run(ForkJoinWorkerThread.java:165) ~[?:?]
Caused by: java.lang.IllegalArgumentException: Whilst parsing command on line 4: Incorrect argument for command at position 11: ...xecute if <--[HERE]
	at net.minecraft.commands.CommandFunction.m_77984_(CommandFunction.java:63) ~[server-1.19.2-20220805.130853-srg.jar%23309!/:?]
	at net.minecraft.server.ServerFunctionLibrary.m_214320_(ServerFunctionLibrary.java:85) ~[server-1.19.2-20220805.130853-srg.jar%23309!/:?]
	at java.util.concurrent.CompletableFuture$AsyncSupply.run(CompletableFuture.java:1768) ~[?:?]
	... 6 more
[09Feb2026 22:58:28.150] [main/INFO] [quark/]: [Automatic Recipe Unlock] Removed 2485 recipe advancements
[09Feb2026 22:58:28.171] [main/INFO] [net.minecraft.advancements.AdvancementList/]: Loaded 458 advancements
[09Feb2026 22:58:28.177] [main/INFO] [placebo/]: Registered 0 additional recipes.
[09Feb2026 22:58:28.224] [main/INFO] [KubeJS Server/]: Collecting Custom Machine upgrades from JS scripts.
[09Feb2026 22:58:28.238] [main/INFO] [quark/]: Modified advancement minecraft:husbandry/wax_on with 2 patches
[09Feb2026 22:58:28.238] [main/INFO] [quark/]: Modified advancement minecraft:adventure/kill_a_mob with 3 patches
[09Feb2026 22:58:28.238] [main/INFO] [quark/]: Modified advancement minecraft:husbandry/bred_all_animals with 3 patches
[09Feb2026 22:58:28.239] [main/INFO] [quark/]: Modified advancement minecraft:adventure/kill_all_mobs with 3 patches
[09Feb2026 22:58:28.239] [main/INFO] [quark/]: Modified advancement minecraft:husbandry/balanced_diet with 2 patches
[09Feb2026 22:58:28.239] [main/INFO] [quark/]: Modified advancement minecraft:nether/all_effects with 1 patches
[09Feb2026 22:58:28.239] [main/INFO] [quark/]: Modified advancement minecraft:husbandry/wax_off with 2 patches
[09Feb2026 22:58:28.239] [main/INFO] [quark/]: Modified advancement minecraft:adventure/adventuring_time with 1 patches
[09Feb2026 22:58:28.239] [main/INFO] [quark/]: Modified advancement minecraft:nether/all_potions with 1 patches
[09Feb2026 22:58:28.751] [main/INFO] [Cucumber Library/]: Loaded cucumber-tags.json in 1 ms
[09Feb2026 22:58:28.992] [Server thread/INFO] [net.minecraft.server.dedicated.DedicatedServer/]: Starting minecraft server version 1.19.2
[09Feb2026 22:58:28.994] [Server thread/INFO] [net.minecraft.server.dedicated.DedicatedServer/]: Loading properties
[09Feb2026 22:58:28.995] [Server thread/INFO] [net.minecraft.server.dedicated.DedicatedServer/]: Default game type: SURVIVAL
[09Feb2026 22:58:28.995] [Server thread/INFO] [net.minecraft.server.MinecraftServer/]: Generating keypair
[09Feb2026 22:58:29.218] [Server thread/INFO] [net.minecraft.server.dedicated.DedicatedServer/]: Starting Minecraft server on *:25565
[09Feb2026 22:58:29.300] [Server thread/INFO] [net.minecraft.server.network.ServerConnectionListener/]: Using epoll channel type
[09Feb2026 22:58:29.467] [Server thread/WARN] [net.minecraft.server.dedicated.DedicatedServer/]: **** SERVER IS RUNNING IN OFFLINE/INSECURE MODE!
[09Feb2026 22:58:29.470] [Server thread/WARN] [net.minecraft.server.dedicated.DedicatedServer/]: The server will make no attempt to authenticate usernames. Beware.
[09Feb2026 22:58:29.470] [Server thread/WARN] [net.minecraft.server.dedicated.DedicatedServer/]: While this makes the game possible to play without internet access, it also opens up the ability for hackers to connect with any username they choose.
[09Feb2026 22:58:29.470] [Server thread/WARN] [net.minecraft.server.dedicated.DedicatedServer/]: To change this, set "online-mode" to "true" in the server.properties file.
[09Feb2026 22:58:29.507] [Server thread/INFO] [com.tom.storagemod.StorageMod/]: Loaded Tom's Simple Storage config file toms_storage-server.toml
[09Feb2026 22:58:29.512] [Server thread/INFO] [Puzzles Lib/]: Loading server config for enchantinginfuser
[09Feb2026 22:58:29.559] [Server thread/INFO] [FluxNetworks/Energy]: Energy blacklist loaded: 1 block entries, 0 item entries
[09Feb2026 22:58:29.635] [Server thread/INFO] [FTB Teams/]: loaded team data: 1 known players, 1 teams total
[09Feb2026 22:58:29.665] [Server thread/INFO] [net.minecraft.server.dedicated.DedicatedServer/]: Preparing level "world"
[09Feb2026 22:58:30.348] [Server thread/INFO] [net.minecraft.server.MinecraftServer/]: Preparing start region for dimension minecraft:overworld
[09Feb2026 22:58:30.352] [Server thread/WARN] [mixin/]: Method overwrite conflict for removeIf in canary.mixins.json:world.chunk_tickets.SortedArraySetMixin, previously written by org.embeddedt.modernfix.common.mixin.bugfix.paper_chunk_patches.SortedArraySetMixin. Skipping method.
[09Feb2026 22:58:33.534] [Server thread/INFO] [net.minecraft.server.level.progress.LoggerChunkProgressListener/]: Preparing spawn area: 0%
[09Feb2026 22:58:33.537] [Server thread/INFO] [net.minecraft.server.level.progress.LoggerChunkProgressListener/]: Preparing spawn area: 0%
[09Feb2026 22:58:33.539] [Server thread/INFO] [net.minecraft.server.level.progress.LoggerChunkProgressListener/]: Preparing spawn area: 0%
[09Feb2026 22:58:33.540] [Server thread/INFO] [net.minecraft.server.level.progress.LoggerChunkProgressListener/]: Preparing spawn area: 0%
[09Feb2026 22:58:33.541] [Server thread/INFO] [net.minecraft.server.level.progress.LoggerChunkProgressListener/]: Preparing spawn area: 0%
[09Feb2026 22:58:33.542] [Server thread/INFO] [net.minecraft.server.level.progress.LoggerChunkProgressListener/]: Preparing spawn area: 0%
[09Feb2026 22:58:33.543] [Server thread/INFO] [net.minecraft.server.level.progress.LoggerChunkProgressListener/]: Preparing spawn area: 0%
[09Feb2026 22:58:33.850] [Server thread/INFO] [net.minecraft.server.level.progress.LoggerChunkProgressListener/]: Preparing spawn area: 7%
[09Feb2026 22:58:34.356] [Server thread/INFO] [net.minecraft.server.level.progress.LoggerChunkProgressListener/]: Preparing spawn area: 24%
[09Feb2026 22:58:34.850] [Server thread/INFO] [net.minecraft.server.level.progress.LoggerChunkProgressListener/]: Preparing spawn area: 46%
[09Feb2026 22:58:35.350] [Server thread/INFO] [net.minecraft.server.level.progress.LoggerChunkProgressListener/]: Preparing spawn area: 90%
[09Feb2026 22:58:35.769] [Server thread/INFO] [net.minecraft.server.level.progress.LoggerChunkProgressListener/]: Time elapsed: 5421 ms
[09Feb2026 22:58:35.770] [Server thread/INFO] [net.minecraft.server.dedicated.DedicatedServer/]: Done (6.285s)! For help, type "help"
[09Feb2026 22:58:35.878] [Server thread/INFO] [net.minecraftforge.server.permission.PermissionAPI/]: Successfully initialized permission handler forge:default_handler
[09Feb2026 22:58:35.883] [Server thread/INFO] [xaero.map.WorldMap/]: Registered synced player tracker system: ftb_teams
[09Feb2026 22:58:35.890] [Server thread/INFO] [xaero.hud.minimap.MinimapLogs/]: Registered synced player tracker system: ftb_teams
[09Feb2026 22:58:35.898] [Server thread/INFO] [FTB Quests/]: Loading quests from /workspaces/musical-meme/servidor_minecraft/config/ftbquests/quests
[09Feb2026 22:58:35.955] [Server thread/INFO] [FTB Quests/]: Loaded 2 chapter groups, 13 chapters, 179 quests, 0 reward tables
[09Feb2026 22:58:35.967] [Server thread/INFO] [patchouli/]: Sending reload packet to clients
[09Feb2026 22:58:35.984] [Server thread/WARN] [ModernFix/]: Dedicated server took 61.599 seconds to load
[09Feb2026 22:58:54.550] [Netty Epoll Server IO #1/INFO] [mixin/]: Mixing server.MixinServerboundChatPacket from nochatreports.mixins.json into net.minecraft.network.protocol.game.ServerboundChatPacket
[09Feb2026 22:58:54.648] [Netty Epoll Server IO #1/INFO] [mixin/]: Mixing common.MixinServerStatusSerializer from nochatreports.mixins.json into net.minecraft.network.protocol.status.ServerStatus$Serializer
[09Feb2026 22:58:58.689] [Server thread/INFO] [net.minecraft.server.network.ServerLoginPacketListenerImpl/]: com.mojang.authlib.GameProfile@1c721e34[id=<null>,name=DripX_,properties={},legacy=false] (/127.77.34.73:43287) lost connection: Disconnected
[09Feb2026 23:08:55.242] [Netty Epoll Server IO #0/ERROR] [net.minecraftforge.network.NetworkRegistry/NETREGISTRY]: Channels [create_renewable_tuff_deepslate:create_renewable_tuff_deepslate,create_ultimate_factory:create_ultimate_factory] rejected their client side version number
[09Feb2026 23:08:55.242] [Netty Epoll Server IO #0/ERROR] [net.minecraftforge.network.HandshakeHandler/FMLHANDSHAKE]: Terminating connection with client, mismatched mod list
[09Feb2026 23:08:55.286] [Server thread/INFO] [net.minecraft.server.network.ServerLoginPacketListenerImpl/]: com.mojang.authlib.GameProfile@5e1cd7a4[id=<null>,name=DripX_,properties={},legacy=false] (/127.77.34.73:38821) lost connection: Connection closed - mismatched mod channel list
[09Feb2026 23:16:00.437] [Server thread/WARN] [net.minecraft.network.syncher.SynchedEntityData/]: defineId called for: class net.minecraft.world.entity.player.Player from class tschipp.carryon.common.carry.CarryOnDataManager
[09Feb2026 23:16:00.598] [Server thread/INFO] [net.minecraftforge.common.AdvancementLoadFix/]: Using new advancement loading for net.minecraft.server.PlayerAdvancements@7d4d4b13
[09Feb2026 23:16:00.642] [Server thread/ERROR] [net.minecraft.stats.ServerRecipeBook/]: Tried to load unrecognized recipe: kubejs:kjs_cqeps2dk2iqzcmpca0jqaotca removed now.
[09Feb2026 23:16:00.643] [Server thread/ERROR] [net.minecraft.stats.ServerRecipeBook/]: Tried to load unrecognized recipe: kubejs:kjs_td0gohpqpnt38bznqc6945r5 removed now.
[09Feb2026 23:16:00.644] [Server thread/ERROR] [net.minecraft.stats.ServerRecipeBook/]: Tried to load unrecognized recipe: kubejs:kjs_4yisnsa8alwi0yb22wcegtpx0 removed now.
[09Feb2026 23:16:00.644] [Server thread/ERROR] [net.minecraft.stats.ServerRecipeBook/]: Tried to load unrecognized recipe: kubejs:kjs_afjjfmf83it6qetytbvu6wuje removed now.
[09Feb2026 23:16:00.644] [Server thread/ERROR] [net.minecraft.stats.ServerRecipeBook/]: Tried to load unrecognized recipe: kubejs:kjs_4lnayqjsfgw76nmdbdy3ytsaa removed now.
[09Feb2026 23:16:00.645] [Server thread/ERROR] [net.minecraft.stats.ServerRecipeBook/]: Tried to load unrecognized recipe: kubejs:kjs_ewij2xupc0byc68q80u6vum7h removed now.
[09Feb2026 23:16:00.645] [Server thread/ERROR] [net.minecraft.stats.ServerRecipeBook/]: Tried to load unrecognized recipe: kubejs:kjs_2eib96glsqd1bc7qijwnxlppo removed now.
[09Feb2026 23:16:00.645] [Server thread/ERROR] [net.minecraft.stats.ServerRecipeBook/]: Tried to load unrecognized recipe: kubejs:kjs_cr6r3ly9cqxlqgn7fvzyrii5y removed now.
[09Feb2026 23:16:00.645] [Server thread/ERROR] [net.minecraft.stats.ServerRecipeBook/]: Tried to load unrecognized recipe: kubejs:kjs_3hwxhcu6g7ofc4n491usfa859 removed now.
[09Feb2026 23:16:00.645] [Server thread/ERROR] [net.minecraft.stats.ServerRecipeBook/]: Tried to load unrecognized recipe: kubejs:kjs_4dh9rzqayeukxbzcaobo6t9jn removed now.
[09Feb2026 23:16:00.646] [Server thread/ERROR] [net.minecraft.stats.ServerRecipeBook/]: Tried to load unrecognized recipe: kubejs:kjs_dyrx2i9qrl8ueu6uyc9nyugof removed now.
[09Feb2026 23:16:00.646] [Server thread/ERROR] [net.minecraft.stats.ServerRecipeBook/]: Tried to load unrecognized recipe: kubejs:kjs_cdou0bdra758bfhec1bwrmhcw removed now.
[09Feb2026 23:16:00.648] [Server thread/ERROR] [net.minecraft.stats.ServerRecipeBook/]: Tried to load unrecognized recipe: kubejs:kjs_3av6ddiano79p1mzzhlok0k5e removed now.
[09Feb2026 23:16:00.648] [Server thread/ERROR] [net.minecraft.stats.ServerRecipeBook/]: Tried to load unrecognized recipe: kubejs:kjs_36iofz4sxg5wtdmdlvrpczvc1 removed now.
[09Feb2026 23:16:00.648] [Server thread/ERROR] [net.minecraft.stats.ServerRecipeBook/]: Tried to load unrecognized recipe: minecraft:kjs_3102s5x6i86ie9kvw27po1p4g removed now.
[09Feb2026 23:16:00.648] [Server thread/ERROR] [net.minecraft.stats.ServerRecipeBook/]: Tried to load unrecognized recipe: kubejs:kjs_10xfjqj6keltkv2eh9zv16m2f removed now.
[09Feb2026 23:16:00.649] [Server thread/ERROR] [net.minecraft.stats.ServerRecipeBook/]: Tried to load unrecognized recipe: kubejs:kjs_1ta84usvn0xc1tzm1u1d5i1g6 removed now.
[09Feb2026 23:16:00.649] [Server thread/ERROR] [net.minecraft.stats.ServerRecipeBook/]: Tried to load unrecognized recipe: minecraft:kjs_bnilb00lc4931ez8dgx0r4smh removed now.
[09Feb2026 23:16:00.649] [Server thread/ERROR] [net.minecraft.stats.ServerRecipeBook/]: Tried to load unrecognized recipe: kubejs:kjs_8jvl6aqdniyae1cvem03ij39 removed now.
[09Feb2026 23:16:00.649] [Server thread/ERROR] [net.minecraft.stats.ServerRecipeBook/]: Tried to load unrecognized recipe: kubejs:kjs_5u39dckrmryq9kbfxbjg0mhut removed now.
[09Feb2026 23:16:00.649] [Server thread/ERROR] [net.minecraft.stats.ServerRecipeBook/]: Tried to load unrecognized recipe: minecraft:kjs_56xsgehw20jpesl0b718pgxig removed now.
[09Feb2026 23:16:00.650] [Server thread/ERROR] [net.minecraft.stats.ServerRecipeBook/]: Tried to load unrecognized recipe: kubejs:kjs_exf2w77vyzd9xm88ctl7q60ix removed now.
[09Feb2026 23:16:00.651] [Server thread/ERROR] [net.minecraft.stats.ServerRecipeBook/]: Tried to load unrecognized recipe: kubejs:kjs_b1w3gtw6en2xyeqmz1tk2tvlx removed now.
[09Feb2026 23:16:00.651] [Server thread/ERROR] [net.minecraft.stats.ServerRecipeBook/]: Tried to load unrecognized recipe: kubejs:kjs_5o6hqqit7imyw54oqm0izcu8n removed now.
[09Feb2026 23:16:00.651] [Server thread/ERROR] [net.minecraft.stats.ServerRecipeBook/]: Tried to load unrecognized recipe: kubejs:kjs_77adn28eo6wq4m5awqs7atwsn removed now.
[09Feb2026 23:16:00.652] [Server thread/ERROR] [net.minecraft.stats.ServerRecipeBook/]: Tried to load unrecognized recipe: kubejs:kjs_6m4dhz4vh3w2idjky6px5xftt removed now.
[09Feb2026 23:16:00.652] [Server thread/ERROR] [net.minecraft.stats.ServerRecipeBook/]: Tried to load unrecognized recipe: kubejs:kjs_1jgo8ikur6q0b7qwf8vavb0vl removed now.
[09Feb2026 23:16:00.653] [Server thread/ERROR] [net.minecraft.stats.ServerRecipeBook/]: Tried to load unrecognized recipe: kubejs:kjs_8yt5bnq9061hpqp9m80ugxk0y removed now.
[09Feb2026 23:16:00.654] [Server thread/ERROR] [net.minecraft.stats.ServerRecipeBook/]: Tried to load unrecognized recipe: kubejs:kjs_dz1qy88ifqgmfdfcgouegqu80 removed now.
[09Feb2026 23:16:00.654] [Server thread/ERROR] [net.minecraft.stats.ServerRecipeBook/]: Tried to load unrecognized recipe: kubejs:kjs_c5dzqhd9wqvfb7fjge78ecjtz removed now.
[09Feb2026 23:16:00.654] [Server thread/ERROR] [net.minecraft.stats.ServerRecipeBook/]: Tried to load unrecognized recipe: minecraft:kjs_2jowdczfh20id0kuoao2wmo5o removed now.
[09Feb2026 23:16:00.655] [Server thread/ERROR] [net.minecraft.stats.ServerRecipeBook/]: Tried to load unrecognized recipe: kubejs:kjs_mck46s8b7l4kgt40ippocqbc removed now.
[09Feb2026 23:16:00.655] [Server thread/ERROR] [net.minecraft.stats.ServerRecipeBook/]: Tried to load unrecognized recipe: kubejs:kjs_501k82wdby1ymcc2v2z5d2zrq removed now.
[09Feb2026 23:16:00.655] [Server thread/ERROR] [net.minecraft.stats.ServerRecipeBook/]: Tried to load unrecognized recipe: kubejs:kjs_5bnf302mpis6piqbyjpfgfpdc removed now.
[09Feb2026 23:16:00.656] [Server thread/ERROR] [net.minecraft.stats.ServerRecipeBook/]: Tried to load unrecognized recipe: kubejs:kjs_ek8z4qy9usj77o2okvgak69lw removed now.
[09Feb2026 23:16:00.656] [Server thread/ERROR] [net.minecraft.stats.ServerRecipeBook/]: Tried to load unrecognized recipe: kubejs:kjs_bfodz9qg4jq77h7wqu9wyew3n removed now.
[09Feb2026 23:16:00.656] [Server thread/ERROR] [net.minecraft.stats.ServerRecipeBook/]: Tried to load unrecognized recipe: kubejs:kjs_b5m7pyapi5ge0ka7bh34onyx2 removed now.
[09Feb2026 23:16:00.656] [Server thread/ERROR] [net.minecraft.stats.ServerRecipeBook/]: Tried to load unrecognized recipe: kubejs:kjs_12684446ji3uaw3vzthi0yseb removed now.
[09Feb2026 23:16:00.656] [Server thread/ERROR] [net.minecraft.stats.ServerRecipeBook/]: Tried to load unrecognized recipe: minecraft:kjs_awpq94w8okdgwfrl5dqj5fjft removed now.
[09Feb2026 23:16:00.657] [Server thread/ERROR] [net.minecraft.stats.ServerRecipeBook/]: Tried to load unrecognized recipe: minecraft:kjs_al3eiz07djoywoeyl4n7gfrby removed now.
[09Feb2026 23:16:00.657] [Server thread/ERROR] [net.minecraft.stats.ServerRecipeBook/]: Tried to load unrecognized recipe: kubejs:kjs_dlj3plm064en0d2wtvx4p3ktz removed now.
[09Feb2026 23:16:00.657] [Server thread/ERROR] [net.minecraft.stats.ServerRecipeBook/]: Tried to load unrecognized recipe: kubejs:kjs_ddgq5tvat1twqty597vo65pzn removed now.
[09Feb2026 23:16:00.657] [Server thread/ERROR] [net.minecraft.stats.ServerRecipeBook/]: Tried to load unrecognized recipe: kubejs:kjs_2qgh2f8pj4yuijol5ns98f650 removed now.
[09Feb2026 23:16:00.658] [Server thread/ERROR] [net.minecraft.stats.ServerRecipeBook/]: Tried to load unrecognized recipe: kubejs:kjs_6mwyifw9pjj06di5s94l0ubfo removed now.
[09Feb2026 23:16:00.658] [Server thread/ERROR] [net.minecraft.stats.ServerRecipeBook/]: Tried to load unrecognized recipe: kubejs:kjs_7a2prh1r30ixs1pi1dnk24vhp removed now.
[09Feb2026 23:16:00.659] [Server thread/ERROR] [net.minecraft.stats.ServerRecipeBook/]: Tried to load unrecognized recipe: kubejs:kjs_8bn2slfcqj1m3aboql9rf2825 removed now.
[09Feb2026 23:16:00.659] [Server thread/ERROR] [net.minecraft.stats.ServerRecipeBook/]: Tried to load unrecognized recipe: kubejs:kjs_269cftflb1jp4zri1hnkaztz6 removed now.
[09Feb2026 23:16:00.659] [Server thread/ERROR] [net.minecraft.stats.ServerRecipeBook/]: Tried to load unrecognized recipe: kubejs:kjs_1g79g8jh0qlaeoyorrf4desxi removed now.
[09Feb2026 23:16:00.660] [Server thread/ERROR] [net.minecraft.stats.ServerRecipeBook/]: Tried to load unrecognized recipe: kubejs:kjs_4ryad3g4ej0prf1zzdn7hl15k removed now.
[09Feb2026 23:16:00.660] [Server thread/ERROR] [net.minecraft.stats.ServerRecipeBook/]: Tried to load unrecognized recipe: kubejs:kjs_2byr18u0aqd5xw98zj6x6sb47 removed now.
[09Feb2026 23:16:00.660] [Server thread/ERROR] [net.minecraft.stats.ServerRecipeBook/]: Tried to load unrecognized recipe: kubejs:kjs_2fnspa8ws1b6uizg2tgyznyvt removed now.
[09Feb2026 23:16:00.660] [Server thread/ERROR] [net.minecraft.stats.ServerRecipeBook/]: Tried to load unrecognized recipe: minecraft:kjs_1m8cgwzvckxv6wuonc2iu8cu1 removed now.
[09Feb2026 23:16:00.661] [Server thread/ERROR] [net.minecraft.stats.ServerRecipeBook/]: Tried to load unrecognized recipe: kubejs:kjs_a26yl3nirue1d7213u4zc5xzn removed now.
[09Feb2026 23:16:00.661] [Server thread/ERROR] [net.minecraft.stats.ServerRecipeBook/]: Tried to load unrecognized recipe: kubejs:kjs_bmyg1sfy6z3tdmd18gg2dseul removed now.
[09Feb2026 23:16:00.661] [Server thread/ERROR] [net.minecraft.stats.ServerRecipeBook/]: Tried to load unrecognized recipe: kubejs:kjs_eag1a5uidi8yncg8thdhyjmqs removed now.
[09Feb2026 23:16:00.661] [Server thread/ERROR] [net.minecraft.stats.ServerRecipeBook/]: Tried to load unrecognized recipe: kubejs:kjs_9bo4b9t75rc0ialwemmcm5nl0 removed now.
[09Feb2026 23:16:00.663] [Server thread/ERROR] [net.minecraft.stats.ServerRecipeBook/]: Tried to load unrecognized recipe: minecraft:kjs_5q6gx56lquvjrj745vyv21lkm removed now.
[09Feb2026 23:16:00.663] [Server thread/ERROR] [net.minecraft.stats.ServerRecipeBook/]: Tried to load unrecognized recipe: kubejs:kjs_1e42ylo3iams0acty66s126pt removed now.
[09Feb2026 23:16:00.664] [Server thread/ERROR] [net.minecraft.stats.ServerRecipeBook/]: Tried to load unrecognized recipe: kubejs:kjs_24bfzh4ythls7ib5h265qnse4 removed now.
[09Feb2026 23:16:00.664] [Server thread/ERROR] [net.minecraft.stats.ServerRecipeBook/]: Tried to load unrecognized recipe: kubejs:kjs_6oks49bwfakfw26ief5syrz2n removed now.
[09Feb2026 23:16:00.664] [Server thread/ERROR] [net.minecraft.stats.ServerRecipeBook/]: Tried to load unrecognized recipe: kubejs:kjs_36f4s7d6ld7inwuvnryjpa90v removed now.
[09Feb2026 23:16:00.664] [Server thread/ERROR] [net.minecraft.stats.ServerRecipeBook/]: Tried to load unrecognized recipe: kubejs:kjs_4fazknktdqvda6yuu2rmkw29e removed now.
[09Feb2026 23:16:00.665] [Server thread/ERROR] [net.minecraft.stats.ServerRecipeBook/]: Tried to load unrecognized recipe: kubejs:kjs_dcnsgwwbml5ym1dykhhqiypq3 removed now.
[09Feb2026 23:16:00.666] [Server thread/ERROR] [net.minecraft.stats.ServerRecipeBook/]: Tried to load unrecognized recipe: kubejs:kjs_bph7mrz3ina0f2ihikmu1ock9 removed now.
[09Feb2026 23:16:00.669] [Server thread/ERROR] [net.minecraft.stats.ServerRecipeBook/]: Tried to load unrecognized recipe: minecraft:kjs_12xfer7lodfvqe0mimfvmx3d7 removed now.
[09Feb2026 23:16:00.670] [Server thread/ERROR] [net.minecraft.stats.ServerRecipeBook/]: Tried to load unrecognized recipe: kubejs:kjs_8gzmltpsz3o99vua770qimxv1 removed now.
[09Feb2026 23:16:00.672] [Server thread/ERROR] [net.minecraft.stats.ServerRecipeBook/]: Tried to load unrecognized recipe: kubejs:kjs_5xq4o6s5fptvbbqo6jogwv1hn removed now.
[09Feb2026 23:16:00.674] [Server thread/ERROR] [net.minecraft.stats.ServerRecipeBook/]: Tried to load unrecognized recipe: kubejs:kjs_44sr6098a73aetpk9ogkmcccx removed now.
[09Feb2026 23:16:00.675] [Server thread/ERROR] [net.minecraft.stats.ServerRecipeBook/]: Tried to load unrecognized recipe: kubejs:kjs_58np23elpss709f7sx3qtz4jx removed now.
[09Feb2026 23:16:00.676] [Server thread/ERROR] [net.minecraft.stats.ServerRecipeBook/]: Tried to load unrecognized recipe: kubejs:kjs_ba24v4vneubk2by7zaftlj0oh removed now.
[09Feb2026 23:16:00.676] [Server thread/ERROR] [net.minecraft.stats.ServerRecipeBook/]: Tried to load unrecognized recipe: kubejs:kjs_elo6qcx84gjk0penidw0g0mam removed now.
[09Feb2026 23:16:00.676] [Server thread/ERROR] [net.minecraft.stats.ServerRecipeBook/]: Tried to load unrecognized recipe: kubejs:kjs_4xcm90jdx1iwo33yb3iinb9rq removed now.
[09Feb2026 23:16:00.677] [Server thread/ERROR] [net.minecraft.stats.ServerRecipeBook/]: Tried to load unrecognized recipe: minecraft:kjs_5ua2mq00qisqm9i2sxubzehkl removed now.
[09Feb2026 23:16:00.677] [Server thread/ERROR] [net.minecraft.stats.ServerRecipeBook/]: Tried to load unrecognized recipe: kubejs:kjs_8j5f7sstjs3ap1ph8jts4cv5x removed now.
[09Feb2026 23:16:00.677] [Server thread/ERROR] [net.minecraft.stats.ServerRecipeBook/]: Tried to load unrecognized recipe: minecraft:kjs_6jbwqrlslljw3tqukua05us01 removed now.
[09Feb2026 23:16:00.677] [Server thread/ERROR] [net.minecraft.stats.ServerRecipeBook/]: Tried to load unrecognized recipe: kubejs:kjs_bm20yahwqdxu98reugsq0vrpg removed now.
[09Feb2026 23:16:00.677] [Server thread/ERROR] [net.minecraft.stats.ServerRecipeBook/]: Tried to load unrecognized recipe: minecraft:kjs_3qqfe5n2o2etxh1wu2hoartyd removed now.
[09Feb2026 23:16:00.677] [Server thread/ERROR] [net.minecraft.stats.ServerRecipeBook/]: Tried to load unrecognized recipe: kubejs:kjs_bs2c59c3yrmdcd09wnh2sy5gg removed now.
[09Feb2026 23:16:00.677] [Server thread/ERROR] [net.minecraft.stats.ServerRecipeBook/]: Tried to load unrecognized recipe: kubejs:kjs_ckg7vnachwxixdml9y8pkij63 removed now.
[09Feb2026 23:16:00.678] [Server thread/ERROR] [net.minecraft.stats.ServerRecipeBook/]: Tried to load unrecognized recipe: kubejs:kjs_6dht99qzzngpx9appb0s5shc4 removed now.
[09Feb2026 23:16:00.678] [Server thread/ERROR] [net.minecraft.stats.ServerRecipeBook/]: Tried to load unrecognized recipe: kubejs:kjs_9bcfsh7q7sit444gvqvakh4l removed now.
[09Feb2026 23:16:00.678] [Server thread/ERROR] [net.minecraft.stats.ServerRecipeBook/]: Tried to load unrecognized recipe: kubejs:kjs_1f8apmpiyzunhxxn86sogtnso removed now.
[09Feb2026 23:16:00.682] [Server thread/ERROR] [net.minecraft.stats.ServerRecipeBook/]: Tried to load unrecognized recipe: kubejs:kjs_8qbdx8k9z9yesq1fs7bwspst8 removed now.
[09Feb2026 23:16:00.683] [Server thread/ERROR] [net.minecraft.stats.ServerRecipeBook/]: Tried to load unrecognized recipe: kubejs:kjs_14ka3ccezkhha8qhft63ym4nm removed now.
[09Feb2026 23:16:00.685] [Server thread/ERROR] [net.minecraft.stats.ServerRecipeBook/]: Tried to load unrecognized recipe: minecraft:kjs_eetyof1k9nygdhq8fbnz4pkne removed now.
[09Feb2026 23:16:00.686] [Server thread/ERROR] [net.minecraft.stats.ServerRecipeBook/]: Tried to load unrecognized recipe: kubejs:kjs_4aq4g1lgbj6qvzj9na9o7lcrr removed now.
[09Feb2026 23:16:00.689] [Server thread/ERROR] [net.minecraft.stats.ServerRecipeBook/]: Tried to load unrecognized recipe: kubejs:kjs_5d6i7d0wcw71ufaumo0rj8bwq removed now.
[09Feb2026 23:16:00.690] [Server thread/ERROR] [net.minecraft.stats.ServerRecipeBook/]: Tried to load unrecognized recipe: kubejs:kjs_1e2zvnn4gbs8bp5ab65lsg9zr removed now.
[09Feb2026 23:16:00.692] [Server thread/ERROR] [net.minecraft.stats.ServerRecipeBook/]: Tried to load unrecognized recipe: kubejs:kjs_xxaquqphvj0w1selsztynyox removed now.
[09Feb2026 23:16:00.693] [Server thread/ERROR] [net.minecraft.stats.ServerRecipeBook/]: Tried to load unrecognized recipe: minecraft:kjs_20va6gwvco8w9qvxpbpthbp1n removed now.
[09Feb2026 23:16:00.697] [Server thread/ERROR] [net.minecraft.stats.ServerRecipeBook/]: Tried to load unrecognized recipe: minecraft:kjs_i9mf84vrohhw5rjn6vkqz9dl removed now.
[09Feb2026 23:16:00.697] [Server thread/ERROR] [net.minecraft.stats.ServerRecipeBook/]: Tried to load unrecognized recipe: minecraft:kjs_7ehqfbzaj908a0gncut2klbq2 removed now.
[09Feb2026 23:16:00.699] [Server thread/ERROR] [net.minecraft.stats.ServerRecipeBook/]: Tried to load unrecognized recipe: kubejs:kjs_22pyn9sd9e34bbx664y83kymo removed now.
[09Feb2026 23:16:00.700] [Server thread/ERROR] [net.minecraft.stats.ServerRecipeBook/]: Tried to load unrecognized recipe: kubejs:kjs_4enfww7fs6jjbomy8plouyyrv removed now.
[09Feb2026 23:16:00.700] [Server thread/ERROR] [net.minecraft.stats.ServerRecipeBook/]: Tried to load unrecognized recipe: kubejs:kjs_dwloqhqp7l7qbaktzznxj8y8h removed now.
[09Feb2026 23:16:00.702] [Server thread/ERROR] [net.minecraft.stats.ServerRecipeBook/]: Tried to load unrecognized recipe: kubejs:kjs_cqeps2dk2iqzcmpca0jqaotca removed now.
[09Feb2026 23:16:00.705] [Server thread/ERROR] [net.minecraft.stats.ServerRecipeBook/]: Tried to load unrecognized recipe: kubejs:kjs_td0gohpqpnt38bznqc6945r5 removed now.
[09Feb2026 23:16:00.706] [Server thread/ERROR] [net.minecraft.stats.ServerRecipeBook/]: Tried to load unrecognized recipe: kubejs:kjs_4yisnsa8alwi0yb22wcegtpx0 removed now.
[09Feb2026 23:16:00.708] [Server thread/ERROR] [net.minecraft.stats.ServerRecipeBook/]: Tried to load unrecognized recipe: kubejs:kjs_afjjfmf83it6qetytbvu6wuje removed now.
[09Feb2026 23:16:00.711] [Server thread/ERROR] [net.minecraft.stats.ServerRecipeBook/]: Tried to load unrecognized recipe: kubejs:kjs_4lnayqjsfgw76nmdbdy3ytsaa removed now.
[09Feb2026 23:16:00.711] [Server thread/ERROR] [net.minecraft.stats.ServerRecipeBook/]: Tried to load unrecognized recipe: kubejs:kjs_ewij2xupc0byc68q80u6vum7h removed now.
[09Feb2026 23:16:00.712] [Server thread/ERROR] [net.minecraft.stats.ServerRecipeBook/]: Tried to load unrecognized recipe: kubejs:kjs_2eib96glsqd1bc7qijwnxlppo removed now.
[09Feb2026 23:16:00.715] [Server thread/ERROR] [net.minecraft.stats.ServerRecipeBook/]: Tried to load unrecognized recipe: kubejs:kjs_cr6r3ly9cqxlqgn7fvzyrii5y removed now.
[09Feb2026 23:16:00.715] [Server thread/ERROR] [net.minecraft.stats.ServerRecipeBook/]: Tried to load unrecognized recipe: kubejs:kjs_3hwxhcu6g7ofc4n491usfa859 removed now.
[09Feb2026 23:16:00.716] [Server thread/ERROR] [net.minecraft.stats.ServerRecipeBook/]: Tried to load unrecognized recipe: kubejs:kjs_4dh9rzqayeukxbzcaobo6t9jn removed now.
[09Feb2026 23:16:00.719] [Server thread/ERROR] [net.minecraft.stats.ServerRecipeBook/]: Tried to load unrecognized recipe: kubejs:kjs_dyrx2i9qrl8ueu6uyc9nyugof removed now.
[09Feb2026 23:16:00.719] [Server thread/ERROR] [net.minecraft.stats.ServerRecipeBook/]: Tried to load unrecognized recipe: kubejs:kjs_cdou0bdra758bfhec1bwrmhcw removed now.
[09Feb2026 23:16:00.720] [Server thread/ERROR] [net.minecraft.stats.ServerRecipeBook/]: Tried to load unrecognized recipe: kubejs:kjs_3av6ddiano79p1mzzhlok0k5e removed now.
[09Feb2026 23:16:00.721] [Server thread/ERROR] [net.minecraft.stats.ServerRecipeBook/]: Tried to load unrecognized recipe: kubejs:kjs_36iofz4sxg5wtdmdlvrpczvc1 removed now.
[09Feb2026 23:16:00.723] [Server thread/ERROR] [net.minecraft.stats.ServerRecipeBook/]: Tried to load unrecognized recipe: minecraft:kjs_3102s5x6i86ie9kvw27po1p4g removed now.
[09Feb2026 23:16:00.723] [Server thread/ERROR] [net.minecraft.stats.ServerRecipeBook/]: Tried to load unrecognized recipe: kubejs:kjs_10xfjqj6keltkv2eh9zv16m2f removed now.
[09Feb2026 23:16:00.724] [Server thread/ERROR] [net.minecraft.stats.ServerRecipeBook/]: Tried to load unrecognized recipe: kubejs:kjs_1ta84usvn0xc1tzm1u1d5i1g6 removed now.
[09Feb2026 23:16:00.724] [Server thread/ERROR] [net.minecraft.stats.ServerRecipeBook/]: Tried to load unrecognized recipe: minecraft:kjs_bnilb00lc4931ez8dgx0r4smh removed now.
[09Feb2026 23:16:00.724] [Server thread/ERROR] [net.minecraft.stats.ServerRecipeBook/]: Tried to load unrecognized recipe: kubejs:kjs_8jvl6aqdniyae1cvem03ij39 removed now.
[09Feb2026 23:16:00.724] [Server thread/ERROR] [net.minecraft.stats.ServerRecipeBook/]: Tried to load unrecognized recipe: kubejs:kjs_5u39dckrmryq9kbfxbjg0mhut removed now.
[09Feb2026 23:16:00.725] [Server thread/ERROR] [net.minecraft.stats.ServerRecipeBook/]: Tried to load unrecognized recipe: minecraft:kjs_56xsgehw20jpesl0b718pgxig removed now.
[09Feb2026 23:16:00.725] [Server thread/ERROR] [net.minecraft.stats.ServerRecipeBook/]: Tried to load unrecognized recipe: kubejs:kjs_exf2w77vyzd9xm88ctl7q60ix removed now.
[09Feb2026 23:16:00.726] [Server thread/ERROR] [net.minecraft.stats.ServerRecipeBook/]: Tried to load unrecognized recipe: kubejs:kjs_b1w3gtw6en2xyeqmz1tk2tvlx removed now.
[09Feb2026 23:16:00.727] [Server thread/ERROR] [net.minecraft.stats.ServerRecipeBook/]: Tried to load unrecognized recipe: kubejs:kjs_5o6hqqit7imyw54oqm0izcu8n removed now.
[09Feb2026 23:16:00.731] [Server thread/ERROR] [net.minecraft.stats.ServerRecipeBook/]: Tried to load unrecognized recipe: kubejs:kjs_77adn28eo6wq4m5awqs7atwsn removed now.
[09Feb2026 23:16:00.731] [Server thread/ERROR] [net.minecraft.stats.ServerRecipeBook/]: Tried to load unrecognized recipe: kubejs:kjs_6m4dhz4vh3w2idjky6px5xftt removed now.
[09Feb2026 23:16:00.732] [Server thread/ERROR] [net.minecraft.stats.ServerRecipeBook/]: Tried to load unrecognized recipe: kubejs:kjs_1jgo8ikur6q0b7qwf8vavb0vl removed now.
[09Feb2026 23:16:00.732] [Server thread/ERROR] [net.minecraft.stats.ServerRecipeBook/]: Tried to load unrecognized recipe: kubejs:kjs_8yt5bnq9061hpqp9m80ugxk0y removed now.
[09Feb2026 23:16:00.732] [Server thread/ERROR] [net.minecraft.stats.ServerRecipeBook/]: Tried to load unrecognized recipe: kubejs:kjs_dz1qy88ifqgmfdfcgouegqu80 removed now.
[09Feb2026 23:16:00.733] [Server thread/ERROR] [net.minecraft.stats.ServerRecipeBook/]: Tried to load unrecognized recipe: kubejs:kjs_c5dzqhd9wqvfb7fjge78ecjtz removed now.
[09Feb2026 23:16:00.733] [Server thread/ERROR] [net.minecraft.stats.ServerRecipeBook/]: Tried to load unrecognized recipe: minecraft:kjs_2jowdczfh20id0kuoao2wmo5o removed now.
[09Feb2026 23:16:00.734] [Server thread/ERROR] [net.minecraft.stats.ServerRecipeBook/]: Tried to load unrecognized recipe: kubejs:kjs_mck46s8b7l4kgt40ippocqbc removed now.
[09Feb2026 23:16:00.737] [Server thread/ERROR] [net.minecraft.stats.ServerRecipeBook/]: Tried to load unrecognized recipe: kubejs:kjs_501k82wdby1ymcc2v2z5d2zrq removed now.
[09Feb2026 23:16:00.737] [Server thread/ERROR] [net.minecraft.stats.ServerRecipeBook/]: Tried to load unrecognized recipe: kubejs:kjs_5bnf302mpis6piqbyjpfgfpdc removed now.
[09Feb2026 23:16:00.738] [Server thread/ERROR] [net.minecraft.stats.ServerRecipeBook/]: Tried to load unrecognized recipe: kubejs:kjs_ek8z4qy9usj77o2okvgak69lw removed now.
[09Feb2026 23:16:00.739] [Server thread/ERROR] [net.minecraft.stats.ServerRecipeBook/]: Tried to load unrecognized recipe: kubejs:kjs_bfodz9qg4jq77h7wqu9wyew3n removed now.
[09Feb2026 23:16:00.741] [Server thread/ERROR] [net.minecraft.stats.ServerRecipeBook/]: Tried to load unrecognized recipe: kubejs:kjs_b5m7pyapi5ge0ka7bh34onyx2 removed now.
[09Feb2026 23:16:00.742] [Server thread/ERROR] [net.minecraft.stats.ServerRecipeBook/]: Tried to load unrecognized recipe: kubejs:kjs_12684446ji3uaw3vzthi0yseb removed now.
[09Feb2026 23:16:00.742] [Server thread/ERROR] [net.minecraft.stats.ServerRecipeBook/]: Tried to load unrecognized recipe: minecraft:kjs_awpq94w8okdgwfrl5dqj5fjft removed now.
[09Feb2026 23:16:00.742] [Server thread/ERROR] [net.minecraft.stats.ServerRecipeBook/]: Tried to load unrecognized recipe: minecraft:kjs_al3eiz07djoywoeyl4n7gfrby removed now.
[09Feb2026 23:16:00.743] [Server thread/ERROR] [net.minecraft.stats.ServerRecipeBook/]: Tried to load unrecognized recipe: kubejs:kjs_dlj3plm064en0d2wtvx4p3ktz removed now.
[09Feb2026 23:16:00.743] [Server thread/ERROR] [net.minecraft.stats.ServerRecipeBook/]: Tried to load unrecognized recipe: kubejs:kjs_ddgq5tvat1twqty597vo65pzn removed now.
[09Feb2026 23:16:00.744] [Server thread/ERROR] [net.minecraft.stats.ServerRecipeBook/]: Tried to load unrecognized recipe: kubejs:kjs_2qgh2f8pj4yuijol5ns98f650 removed now.
[09Feb2026 23:16:00.744] [Server thread/ERROR] [net.minecraft.stats.ServerRecipeBook/]: Tried to load unrecognized recipe: kubejs:kjs_6mwyifw9pjj06di5s94l0ubfo removed now.
[09Feb2026 23:16:00.745] [Server thread/ERROR] [net.minecraft.stats.ServerRecipeBook/]: Tried to load unrecognized recipe: kubejs:kjs_7a2prh1r30ixs1pi1dnk24vhp removed now.
[09Feb2026 23:16:00.746] [Server thread/ERROR] [net.minecraft.stats.ServerRecipeBook/]: Tried to load unrecognized recipe: kubejs:kjs_8bn2slfcqj1m3aboql9rf2825 removed now.
[09Feb2026 23:16:00.748] [Server thread/ERROR] [net.minecraft.stats.ServerRecipeBook/]: Tried to load unrecognized recipe: kubejs:kjs_269cftflb1jp4zri1hnkaztz6 removed now.
[09Feb2026 23:16:00.749] [Server thread/ERROR] [net.minecraft.stats.ServerRecipeBook/]: Tried to load unrecognized recipe: kubejs:kjs_1g79g8jh0qlaeoyorrf4desxi removed now.
[09Feb2026 23:16:00.749] [Server thread/ERROR] [net.minecraft.stats.ServerRecipeBook/]: Tried to load unrecognized recipe: kubejs:kjs_4ryad3g4ej0prf1zzdn7hl15k removed now.
[09Feb2026 23:16:00.750] [Server thread/ERROR] [net.minecraft.stats.ServerRecipeBook/]: Tried to load unrecognized recipe: kubejs:kjs_2byr18u0aqd5xw98zj6x6sb47 removed now.
[09Feb2026 23:16:00.750] [Server thread/ERROR] [net.minecraft.stats.ServerRecipeBook/]: Tried to load unrecognized recipe: kubejs:kjs_2fnspa8ws1b6uizg2tgyznyvt removed now.
[09Feb2026 23:16:00.751] [Server thread/ERROR] [net.minecraft.stats.ServerRecipeBook/]: Tried to load unrecognized recipe: minecraft:kjs_1m8cgwzvckxv6wuonc2iu8cu1 removed now.
[09Feb2026 23:16:00.753] [Server thread/ERROR] [net.minecraft.stats.ServerRecipeBook/]: Tried to load unrecognized recipe: kubejs:kjs_a26yl3nirue1d7213u4zc5xzn removed now.
[09Feb2026 23:16:00.754] [Server thread/ERROR] [net.minecraft.stats.ServerRecipeBook/]: Tried to load unrecognized recipe: kubejs:kjs_bmyg1sfy6z3tdmd18gg2dseul removed now.
[09Feb2026 23:16:00.755] [Server thread/ERROR] [net.minecraft.stats.ServerRecipeBook/]: Tried to load unrecognized recipe: minecraft:kjs_5q6gx56lquvjrj745vyv21lkm removed now.
[09Feb2026 23:16:00.756] [Server thread/ERROR] [net.minecraft.stats.ServerRecipeBook/]: Tried to load unrecognized recipe: kubejs:kjs_1e42ylo3iams0acty66s126pt removed now.
[09Feb2026 23:16:00.757] [Server thread/ERROR] [net.minecraft.stats.ServerRecipeBook/]: Tried to load unrecognized recipe: kubejs:kjs_24bfzh4ythls7ib5h265qnse4 removed now.
[09Feb2026 23:16:00.758] [Server thread/ERROR] [net.minecraft.stats.ServerRecipeBook/]: Tried to load unrecognized recipe: kubejs:kjs_6oks49bwfakfw26ief5syrz2n removed now.
[09Feb2026 23:16:00.758] [Server thread/ERROR] [net.minecraft.stats.ServerRecipeBook/]: Tried to load unrecognized recipe: kubejs:kjs_36f4s7d6ld7inwuvnryjpa90v removed now.
[09Feb2026 23:16:00.759] [Server thread/ERROR] [net.minecraft.stats.ServerRecipeBook/]: Tried to load unrecognized recipe: kubejs:kjs_4fazknktdqvda6yuu2rmkw29e removed now.
[09Feb2026 23:16:00.759] [Server thread/ERROR] [net.minecraft.stats.ServerRecipeBook/]: Tried to load unrecognized recipe: kubejs:kjs_dcnsgwwbml5ym1dykhhqiypq3 removed now.
[09Feb2026 23:16:00.760] [Server thread/ERROR] [net.minecraft.stats.ServerRecipeBook/]: Tried to load unrecognized recipe: kubejs:kjs_bph7mrz3ina0f2ihikmu1ock9 removed now.
[09Feb2026 23:16:00.761] [Server thread/ERROR] [net.minecraft.stats.ServerRecipeBook/]: Tried to load unrecognized recipe: minecraft:kjs_12xfer7lodfvqe0mimfvmx3d7 removed now.
[09Feb2026 23:16:00.763] [Server thread/ERROR] [net.minecraft.stats.ServerRecipeBook/]: Tried to load unrecognized recipe: kubejs:kjs_8gzmltpsz3o99vua770qimxv1 removed now.
[09Feb2026 23:16:00.764] [Server thread/ERROR] [net.minecraft.stats.ServerRecipeBook/]: Tried to load unrecognized recipe: kubejs:kjs_5xq4o6s5fptvbbqo6jogwv1hn removed now.
[09Feb2026 23:16:00.764] [Server thread/ERROR] [net.minecraft.stats.ServerRecipeBook/]: Tried to load unrecognized recipe: kubejs:kjs_44sr6098a73aetpk9ogkmcccx removed now.
[09Feb2026 23:16:00.766] [Server thread/ERROR] [net.minecraft.stats.ServerRecipeBook/]: Tried to load unrecognized recipe: kubejs:kjs_58np23elpss709f7sx3qtz4jx removed now.
[09Feb2026 23:16:00.766] [Server thread/ERROR] [net.minecraft.stats.ServerRecipeBook/]: Tried to load unrecognized recipe: kubejs:kjs_ba24v4vneubk2by7zaftlj0oh removed now.
[09Feb2026 23:16:00.768] [Server thread/ERROR] [net.minecraft.stats.ServerRecipeBook/]: Tried to load unrecognized recipe: kubejs:kjs_elo6qcx84gjk0penidw0g0mam removed now.
[09Feb2026 23:16:00.768] [Server thread/ERROR] [net.minecraft.stats.ServerRecipeBook/]: Tried to load unrecognized recipe: kubejs:kjs_4xcm90jdx1iwo33yb3iinb9rq removed now.
[09Feb2026 23:16:00.769] [Server thread/ERROR] [net.minecraft.stats.ServerRecipeBook/]: Tried to load unrecognized recipe: minecraft:kjs_5ua2mq00qisqm9i2sxubzehkl removed now.
[09Feb2026 23:16:00.769] [Server thread/ERROR] [net.minecraft.stats.ServerRecipeBook/]: Tried to load unrecognized recipe: kubejs:kjs_8j5f7sstjs3ap1ph8jts4cv5x removed now.
[09Feb2026 23:16:00.771] [Server thread/ERROR] [net.minecraft.stats.ServerRecipeBook/]: Tried to load unrecognized recipe: minecraft:kjs_6jbwqrlslljw3tqukua05us01 removed now.
[09Feb2026 23:16:00.771] [Server thread/ERROR] [net.minecraft.stats.ServerRecipeBook/]: Tried to load unrecognized recipe: kubejs:kjs_bm20yahwqdxu98reugsq0vrpg removed now.
[09Feb2026 23:16:00.772] [Server thread/ERROR] [net.minecraft.stats.ServerRecipeBook/]: Tried to load unrecognized recipe: minecraft:kjs_3qqfe5n2o2etxh1wu2hoartyd removed now.
[09Feb2026 23:16:00.772] [Server thread/ERROR] [net.minecraft.stats.ServerRecipeBook/]: Tried to load unrecognized recipe: kubejs:kjs_bs2c59c3yrmdcd09wnh2sy5gg removed now.
[09Feb2026 23:16:00.773] [Server thread/ERROR] [net.minecraft.stats.ServerRecipeBook/]: Tried to load unrecognized recipe: kubejs:kjs_ckg7vnachwxixdml9y8pkij63 removed now.
[09Feb2026 23:16:00.773] [Server thread/ERROR] [net.minecraft.stats.ServerRecipeBook/]: Tried to load unrecognized recipe: kubejs:kjs_6dht99qzzngpx9appb0s5shc4 removed now.
[09Feb2026 23:16:00.773] [Server thread/ERROR] [net.minecraft.stats.ServerRecipeBook/]: Tried to load unrecognized recipe: kubejs:kjs_9bcfsh7q7sit444gvqvakh4l removed now.
[09Feb2026 23:16:00.774] [Server thread/ERROR] [net.minecraft.stats.ServerRecipeBook/]: Tried to load unrecognized recipe: kubejs:kjs_1f8apmpiyzunhxxn86sogtnso removed now.
[09Feb2026 23:16:00.774] [Server thread/ERROR] [net.minecraft.stats.ServerRecipeBook/]: Tried to load unrecognized recipe: kubejs:kjs_8qbdx8k9z9yesq1fs7bwspst8 removed now.
[09Feb2026 23:16:00.775] [Server thread/ERROR] [net.minecraft.stats.ServerRecipeBook/]: Tried to load unrecognized recipe: kubejs:kjs_14ka3ccezkhha8qhft63ym4nm removed now.
[09Feb2026 23:16:00.775] [Server thread/ERROR] [net.minecraft.stats.ServerRecipeBook/]: Tried to load unrecognized recipe: minecraft:kjs_eetyof1k9nygdhq8fbnz4pkne removed now.
[09Feb2026 23:16:00.776] [Server thread/ERROR] [net.minecraft.stats.ServerRecipeBook/]: Tried to load unrecognized recipe: kubejs:kjs_4aq4g1lgbj6qvzj9na9o7lcrr removed now.
[09Feb2026 23:16:00.777] [Server thread/ERROR] [net.minecraft.stats.ServerRecipeBook/]: Tried to load unrecognized recipe: kubejs:kjs_5d6i7d0wcw71ufaumo0rj8bwq removed now.
[09Feb2026 23:16:00.777] [Server thread/ERROR] [net.minecraft.stats.ServerRecipeBook/]: Tried to load unrecognized recipe: kubejs:kjs_xxaquqphvj0w1selsztynyox removed now.
[09Feb2026 23:16:00.777] [Server thread/ERROR] [net.minecraft.stats.ServerRecipeBook/]: Tried to load unrecognized recipe: minecraft:kjs_20va6gwvco8w9qvxpbpthbp1n removed now.
[09Feb2026 23:16:00.778] [Server thread/ERROR] [net.minecraft.stats.ServerRecipeBook/]: Tried to load unrecognized recipe: minecraft:kjs_i9mf84vrohhw5rjn6vkqz9dl removed now.
[09Feb2026 23:16:00.778] [Server thread/ERROR] [net.minecraft.stats.ServerRecipeBook/]: Tried to load unrecognized recipe: minecraft:kjs_7ehqfbzaj908a0gncut2klbq2 removed now.
[09Feb2026 23:16:00.779] [Server thread/ERROR] [net.minecraft.stats.ServerRecipeBook/]: Tried to load unrecognized recipe: kubejs:kjs_22pyn9sd9e34bbx664y83kymo removed now.
[09Feb2026 23:16:00.779] [Server thread/ERROR] [net.minecraft.stats.ServerRecipeBook/]: Tried to load unrecognized recipe: kubejs:kjs_4enfww7fs6jjbomy8plouyyrv removed now.
[09Feb2026 23:16:00.781] [Server thread/ERROR] [net.minecraft.stats.ServerRecipeBook/]: Tried to load unrecognized recipe: kubejs:kjs_dwloqhqp7l7qbaktzznxj8y8h removed now.
[09Feb2026 23:16:00.783] [Server thread/INFO] [net.minecraft.server.players.PlayerList/]: DripX_[/127.77.34.73:52313] logged in with entity id 88 at (-3715.1316432619124, 67.0, 2209.102363456051)
[09Feb2026 23:16:00.954] [Server thread/INFO] [net.minecraft.server.MinecraftServer/]: DripX_ joined the game
[09Feb2026 23:16:01.154] [Server thread/INFO] [net.nicguzzo.wands.WandsMod/]: PLAYER_JOIN
[09Feb2026 23:16:01.164] [Server thread/INFO] [net.nicguzzo.wands.WandsMod/]: add_player wand
[09Feb2026 23:16:01.196] [Server thread/INFO] [net.nicguzzo.wands.WandsMod/]: config sent
[09Feb2026 23:16:01.216] [Server thread/INFO] [Jade/]: Syncing config to DripX_ (8cdc26f0-44de-321b-8e1c-168268fba2d8)
[09Feb2026 23:16:03.167] [Server thread/WARN] [net.minecraft.server.MinecraftServer/]: Can't keep up! Is the server overloaded? Running 2029ms or 40 ticks behind
[09Feb2026 23:16:22.768] [Server thread/WARN] [net.minecraft.server.MinecraftServer/]: Can't keep up! Is the server overloaded? Running 4632ms or 92 ticks behind
[09Feb2026 23:18:37.047] [Server thread/INFO] [net.minecraft.server.network.ServerGamePacketListenerImpl/]: DripX_ lost connection: Disconnected
[09Feb2026 23:18:37.048] [Server thread/INFO] [net.minecraft.server.MinecraftServer/]: DripX_ left the game
[09Feb2026 23:18:37.050] [Server thread/INFO] [net.nicguzzo.wands.WandsMod/]: remove player wand
[09Feb2026 23:18:53.839] [Server thread/INFO] [net.minecraft.server.MinecraftServer/]: Stopping server
[09Feb2026 23:18:53.839] [Server thread/INFO] [net.minecraft.server.MinecraftServer/]: Saving players
[09Feb2026 23:18:53.839] [Server thread/INFO] [net.minecraft.server.MinecraftServer/]: Saving worlds
[09Feb2026 23:18:54.602] [Server thread/INFO] [net.minecraft.server.MinecraftServer/]: Saving chunks for level 'ServerLevel[world]'/minecraft:overworld
[09Feb2026 23:18:56.493] [Server thread/INFO] [net.minecraft.server.MinecraftServer/]: Saving chunks for level 'ServerLevel[world]'/ad_astra:mercury_orbit
[09Feb2026 23:18:56.494] [Server thread/INFO] [net.minecraft.server.MinecraftServer/]: Saving chunks for level 'ServerLevel[world]'/minecraft:the_nether
[09Feb2026 23:18:56.545] [Server thread/INFO] [net.minecraft.server.MinecraftServer/]: Saving chunks for level 'ServerLevel[world]'/ad_astra:mars
[09Feb2026 23:18:56.546] [Server thread/INFO] [net.minecraft.server.MinecraftServer/]: Saving chunks for level 'ServerLevel[world]'/ad_astra:venus
[09Feb2026 23:18:56.547] [Server thread/INFO] [net.minecraft.server.MinecraftServer/]: Saving chunks for level 'ServerLevel[world]'/ad_astra:moon
[09Feb2026 23:18:56.548] [Server thread/INFO] [net.minecraft.server.MinecraftServer/]: Saving chunks for level 'ServerLevel[world]'/ad_astra:glacio_orbit
[09Feb2026 23:18:56.549] [Server thread/INFO] [net.minecraft.server.MinecraftServer/]: Saving chunks for level 'ServerLevel[world]'/ad_astra:moon_orbit
[09Feb2026 23:18:56.550] [Server thread/INFO] [net.minecraft.server.MinecraftServer/]: Saving chunks for level 'ServerLevel[world]'/minecraft:the_end
[09Feb2026 23:18:56.550] [Server thread/INFO] [net.minecraft.server.MinecraftServer/]: Saving chunks for level 'ServerLevel[world]'/ad_astra:earth_orbit
[09Feb2026 23:18:56.551] [Server thread/INFO] [net.minecraft.server.MinecraftServer/]: Saving chunks for level 'ServerLevel[world]'/ad_astra:mars_orbit
[09Feb2026 23:18:56.553] [Server thread/INFO] [net.minecraft.server.MinecraftServer/]: Saving chunks for level 'ServerLevel[world]'/ad_astra:mercury
[09Feb2026 23:18:56.554] [Server thread/INFO] [net.minecraft.server.MinecraftServer/]: Saving chunks for level 'ServerLevel[world]'/ad_astra:venus_orbit
[09Feb2026 23:18:56.555] [Server thread/INFO] [net.minecraft.server.MinecraftServer/]: Saving chunks for level 'ServerLevel[world]'/ad_astra:glacio
[09Feb2026 23:18:56.622] [Server thread/INFO] [net.minecraft.server.MinecraftServer/]: ThreadedAnvilChunkStorage (world): All chunks are saved
[09Feb2026 23:18:56.622] [Server thread/INFO] [net.minecraft.server.MinecraftServer/]: ThreadedAnvilChunkStorage (mercury_orbit): All chunks are saved
[09Feb2026 23:18:56.622] [Server thread/INFO] [net.minecraft.server.MinecraftServer/]: ThreadedAnvilChunkStorage (DIM-1): All chunks are saved
[09Feb2026 23:18:56.622] [Server thread/INFO] [net.minecraft.server.MinecraftServer/]: ThreadedAnvilChunkStorage (mars): All chunks are saved
[09Feb2026 23:18:56.622] [Server thread/INFO] [net.minecraft.server.MinecraftServer/]: ThreadedAnvilChunkStorage (venus): All chunks are saved
[09Feb2026 23:18:56.622] [Server thread/INFO] [net.minecraft.server.MinecraftServer/]: ThreadedAnvilChunkStorage (moon): All chunks are saved
[09Feb2026 23:18:56.623] [Server thread/INFO] [net.minecraft.server.MinecraftServer/]: ThreadedAnvilChunkStorage (glacio_orbit): All chunks are saved
[09Feb2026 23:18:56.623] [Server thread/INFO] [net.minecraft.server.MinecraftServer/]: ThreadedAnvilChunkStorage (moon_orbit): All chunks are saved
[09Feb2026 23:18:56.623] [Server thread/INFO] [net.minecraft.server.MinecraftServer/]: ThreadedAnvilChunkStorage (DIM1): All chunks are saved
[09Feb2026 23:18:56.623] [Server thread/INFO] [net.minecraft.server.MinecraftServer/]: ThreadedAnvilChunkStorage (earth_orbit): All chunks are saved
[09Feb2026 23:18:56.623] [Server thread/INFO] [net.minecraft.server.MinecraftServer/]: ThreadedAnvilChunkStorage (mars_orbit): All chunks are saved
[09Feb2026 23:18:56.623] [Server thread/INFO] [net.minecraft.server.MinecraftServer/]: ThreadedAnvilChunkStorage (mercury): All chunks are saved
[09Feb2026 23:18:56.623] [Server thread/INFO] [net.minecraft.server.MinecraftServer/]: ThreadedAnvilChunkStorage (venus_orbit): All chunks are saved
[09Feb2026 23:18:56.623] [Server thread/INFO] [net.minecraft.server.MinecraftServer/]: ThreadedAnvilChunkStorage (glacio): All chunks are saved
[09Feb2026 23:18:56.623] [Server thread/INFO] [net.minecraft.server.MinecraftServer/]: ThreadedAnvilChunkStorage: All dimensions are saved
[09Feb2026 23:18:56.646] [Server thread/INFO] [FTB Chunks/]: Shutting down map thread
